age,income,education_level,usage_frequency,support_calls,target
0.5438667186901892,0.5153100735516245,0.3822296482262534,3.0161667769503255,-0.45313360130633673,1
0.9523283925093324,-1.210390819916247,0.3822296482262534,0.36712940951281414,-0.9440692473587059,1
-1.90690332422467,-0.20276446837746778,-0.5025612041493333,0.4350534445753144,-0.45313360130633673,1
-0.5794028843124546,1.2841128373930701,-1.38735205652492,-1.1951233969246926,-0.9440692473587059,0
-1.1920953950411695,0.48825502186503605,-0.5025612041493333,1.5897620406378195,-0.45313360130633673,0
0.9523283925093324,0.9506662983073331,0.3822296482262534,0.09543326926281298,0.0378020447460324,1
-0.9878645581315978,-0.561383362254077,-1.38735205652492,1.4539139705128188,1.0196733368507707,1
-0.9878645581315978,-1.8367361853151662,0.3822296482262534,-0.24418690604968846,-0.45313360130633673,1
0.645982137144975,0.1787605710636886,1.26702050060184,0.16335730432531329,-0.9440692473587059,1
-0.7836337212220261,1.1506156815838597,-0.5025612041493333,0.09543326926281298,1.51060898290314,1
-0.4772874658576688,0.06001120760425529,-1.38735205652492,-0.6517311164246902,-0.9440692473587059,0
0.03328962641626022,-1.7216127566178532,-0.5025612041493333,0.6388255497628154,0.5287376907984016,0
0.8502129740545467,-1.0925130753900156,-1.38735205652492,0.16335730432531329,0.5287376907984016,1
-0.6815183027672403,0.11018159339935937,0.3822296482262534,1.9973062510128212,-0.9440692473587059,0
0.23752046332583182,1.0421514215362095,1.26702050060184,-1.6705916423621945,0.0378020447460324,0
-0.885749139676812,-0.4025743926246822,0.3822296482262534,0.29920537445031387,1.51060898290314,1
0.13540504487104602,0.04616989894500837,-0.5025612041493333,-1.7385156774246948,1.0196733368507707,1
1.0544438109641183,-0.7131845156605281,0.3822296482262534,0.4350534445753144,-0.9440692473587059,0
0.13540504487104602,0.6826957734837265,0.3822296482262534,-0.8555032216121911,1.0196733368507707,1
-0.17094121049331137,-0.28908960752178864,0.3822296482262534,-1.1271993618621923,-0.45313360130633673,0
-0.6815183027672403,1.1897688040632912,0.3822296482262534,2.133154321137822,0.5287376907984016,0
0.23752046332583182,-0.8821042649150656,1.26702050060184,-0.8555032216121911,0.0378020447460324,1
0.44175130023540343,1.6968418346428562,0.3822296482262534,-0.58380708136219,0.5287376907984016,1
0.03328962641626022,1.5206353511067505,1.26702050060184,0.6388255497628154,0.0378020447460324,0
0.5438667186901892,-1.3945116033658262,1.26702050060184,-1.263047431987193,0.5287376907984016,1
0.645982137144975,1.6209063931823025,-1.38735205652492,0.7067495848253156,-0.45313360130633673,0
-0.4772874658576688,-1.8367361853151662,-1.38735205652492,-0.9234272566746914,0.5287376907984016,1
1.5650209032380473,0.6648798824890786,-0.5025612041493333,-0.10833883592468789,0.5287376907984016,1
0.03328962641626022,1.1334970857357736,-1.38735205652492,-0.58380708136219,-0.45313360130633673,0
-0.6815183027672403,-0.12410957584532406,0.3822296482262534,-3.0290723436122002,2.001544628955509,0
-1.4984416504055267,-1.8367361853151662,1.26702050060184,-0.5158830462996896,1.51060898290314,0
-1.2942108134959551,0.6398818514848468,1.26702050060184,-1.534743572237194,2.001544628955509,1
0.44175130023540343,-1.5978777328605047,0.3822296482262534,0.7746736198878159,-0.45313360130633673,0
-1.396326231950741,0.5262227425953129,0.3822296482262534,0.36712940951281414,2.001544628955509,0
0.03328962641626022,-0.27441154468666784,1.26702050060184,-0.17626287098718818,0.0378020447460324,0
0.03328962641626022,0.14068825606142754,0.3822296482262534,-0.6517311164246902,-0.9440692473587059,1
-0.37517204740288296,0.11687562680635033,0.3822296482262534,-1.6026676072996944,-0.45313360130633673,1
0.13540504487104602,0.35500191935712233,-1.38735205652492,1.1142937952003173,1.0196733368507707,1
-0.37517204740288296,-0.44266886355197177,0.3822296482262534,-0.44795901123718934,1.0196733368507707,0
0.9523283925093324,-0.4811595556421697,-1.38735205652492,0.16335730432531329,-0.9440692473587059,0
0.645982137144975,-1.3587752271045463,0.3822296482262534,0.7067495848253156,-1.9259405394634441,0
0.23752046332583182,-0.01125235637433592,0.3822296482262534,0.7067495848253156,-1.435004893411075,0
0.8502129740545467,1.360571250213545,-1.38735205652492,0.23128133938781356,0.0378020447460324,0
-0.4772874658576688,-0.11309231252965145,1.26702050060184,0.9105216900128165,-0.9440692473587059,1
0.645982137144975,0.24294658930468,1.26702050060184,-1.534743572237194,0.5287376907984016,1
-0.6815183027672403,0.3178709528027194,-1.38735205652492,-1.1951233969246926,-0.9440692473587059,0
1.156559229418904,2.075856611556391,1.26702050060184,0.09543326926281298,-1.435004893411075,1
-0.9878645581315978,1.344533461842629,1.26702050060184,0.6388255497628154,0.5287376907984016,0
-0.06882579203852558,0.6751301211435335,1.26702050060184,-1.6705916423621945,-1.435004893411075,0
-0.9878645581315978,0.02002133094894995,-0.5025612041493333,1.6576860757003198,0.0378020447460324,1
0.03328962641626022,0.7372242539448403,0.3822296482262534,0.027509234200312694,0.0378020447460324,0
1.156559229418904,-0.9364235568322109,1.26702050060184,-0.17626287098718818,1.51060898290314,0
-0.06882579203852558,-0.014006672203254075,-0.5025612041493333,0.4350534445753144,1.0196733368507707,1
-1.4984416504055267,-0.8618478409074523,0.3822296482262534,0.29920537445031387,-1.9259405394634441,0
-1.4984416504055267,2.1471899050496384,0.3822296482262534,-1.330971467049693,-1.435004893411075,1
-0.6815183027672403,-0.36272397499868914,1.26702050060184,0.8425976549503162,0.0378020447460324,1
0.7480975555997608,-0.8798380556887404,1.26702050060184,0.09543326926281298,0.0378020447460324,0
-0.4772874658576688,1.2843917554516948,1.26702050060184,-1.6705916423621945,0.0378020447460324,0
-1.90690332422467,0.23053473569588426,-0.5025612041493333,-0.6517311164246902,-1.435004893411075,1
-0.5794028843124546,-0.2307957332692424,1.26702050060184,-0.3121109411121888,0.0378020447460324,0
0.8502129740545467,0.867792770138492,1.26702050060184,0.4350534445753144,0.0378020447460324,1
1.0544438109641183,-0.6691154623978377,0.3822296482262534,-1.3988955021121934,2.4924802750078783,1
0.5438667186901892,1.6440565920481462,1.26702050060184,-0.24418690604968846,0.0378020447460324,0
3.9136755276981208,1.7364481989675526,-1.38735205652492,-0.04041480086218759,-0.9440692473587059,1
0.44175130023540343,-0.5984445992938238,0.3822296482262534,-0.6517311164246902,0.0378020447460324,1
-1.0899799765863836,0.8177967081300282,-0.5025612041493333,-0.04041480086218759,-1.9259405394634441,0
-0.06882579203852558,-1.8367361853151662,-0.5025612041493333,0.570901514700315,-0.45313360130633673,1
0.23752046332583182,0.9864724040832691,-0.5025612041493333,-0.8555032216121911,-0.45313360130633673,1
0.3396358817806176,-0.14258789722920534,-0.5025612041493333,0.9784457250753168,1.51060898290314,1
1.4629054847832614,-0.5715987361512038,-0.5025612041493333,-0.3121109411121888,1.51060898290314,1
0.13540504487104602,-1.1953292447505173,1.26702050060184,0.6388255497628154,1.0196733368507707,1
-0.885749139676812,0.09951297765696754,0.3822296482262534,1.4539139705128188,-0.9440692473587059,0
0.03328962641626022,-1.214923238368897,-1.38735205652492,1.250141865325318,0.0378020447460324,0
-1.2942108134959551,-0.27008831477798617,0.3822296482262534,0.4350534445753144,0.0378020447460324,1
-0.5794028843124546,-0.09987856950230992,-1.38735205652492,0.09543326926281298,0.0378020447460324,0
-0.6815183027672403,-1.8367361853151662,0.3822296482262534,1.4539139705128188,-1.9259405394634441,0
-0.2730566289480972,0.10979808106875052,1.26702050060184,0.5029774796378147,1.51060898290314,0
0.13540504487104602,1.001673438278311,0.3822296482262534,-1.8064397124871951,-0.45313360130633673,0
-0.885749139676812,-0.0034077859755183943,-1.38735205652492,-0.04041480086218759,-0.45313360130633673,0
-0.5794028843124546,-0.10305126241916501,1.26702050060184,-0.17626287098718818,1.0196733368507707,0
1.2586746478736899,-0.5449620615525523,-0.5025612041493333,-0.24418690604968846,-0.45313360130633673,0
-0.06882579203852558,-1.447680358291145,1.26702050060184,-2.485680063112198,0.0378020447460324,1
0.44175130023540343,0.05471176449038745,-1.38735205652492,-1.1271993618621923,0.5287376907984016,1
1.0544438109641183,1.1206319902817128,-0.5025612041493333,-0.17626287098718818,0.0378020447460324,0
0.3396358817806176,-0.731035271412504,1.26702050060184,-0.58380708136219,-1.435004893411075,0
0.3396358817806176,0.7077635340026145,1.26702050060184,1.046369760137817,-0.45313360130633673,0
-0.5794028843124546,-0.26409157651755677,-1.38735205652492,0.36712940951281414,-0.45313360130633673,0
-0.06882579203852558,-0.6534263216002026,0.3822296482262534,0.36712940951281414,-1.435004893411075,1
1.0544438109641183,-1.8367361853151662,1.26702050060184,-0.17626287098718818,-0.45313360130633673,1
0.7480975555997608,-0.2442186648405524,1.26702050060184,-0.38003497617468907,0.0378020447460324,0
-2.2132495795890272,2.1629139106046016,-1.38735205652492,0.36712940951281414,-0.9440692473587059,1
0.9523283925093324,1.686905378804354,-1.38735205652492,-0.8555032216121911,-1.9259405394634441,1
-0.6815183027672403,-0.3304043449555609,1.26702050060184,0.36712940951281414,-0.45313360130633673,0
-0.4772874658576688,-0.9672440023102318,-0.5025612041493333,2.133154321137822,1.51060898290314,1
0.44175130023540343,-0.8802215680193493,-0.5025612041493333,-1.330971467049693,-0.9440692473587059,0
1.667136321692833,-0.35362427333606083,1.26702050060184,-0.10833883592468789,-1.435004893411075,0
1.156559229418904,-0.35086995750714267,-0.5025612041493333,0.23128133938781356,1.51060898290314,0
-0.5794028843124546,-0.36446721286509304,0.3822296482262534,-0.44795901123718934,-0.9440692473587059,1
-1.1920953950411695,-1.8367361853151662,-1.38735205652492,-0.10833883592468789,2.001544628955509,1
1.5650209032380473,-1.2339942606273557,1.26702050060184,1.250141865325318,-1.9259405394634441,0
0.13540504487104602,0.2537197993190561,0.3822296482262534,0.6388255497628154,1.0196733368507707,1
1.4629054847832614,-1.8367361853151662,-0.5025612041493333,0.6388255497628154,1.0196733368507707,0
-1.0899799765863836,0.17189221387005724,1.26702050060184,-0.6517311164246902,1.0196733368507707,1
1.2586746478736899,1.6559106095396927,0.3822296482262534,0.9105216900128165,0.0378020447460324,1
-1.7026724873150985,-0.5157105301542949,-1.38735205652492,1.1142937952003173,0.5287376907984016,0
-0.2730566289480972,-1.2047078644717701,0.3822296482262534,-1.1271993618621923,-0.45313360130633673,1
0.3396358817806176,-0.3304043449555609,-0.5025612041493333,-0.9234272566746914,-0.45313360130633673,1
0.44175130023540343,0.139990960914866,1.26702050060184,-1.1271993618621923,1.0196733368507707,0
-0.2730566289480972,0.5285586813362941,0.3822296482262534,-0.24418690604968846,0.0378020447460324,0
0.13540504487104602,-0.7428892889040505,-1.38735205652492,0.7067495848253156,0.0378020447460324,1
0.23752046332583182,-0.6048248498848621,-1.38735205652492,2.0652302860753213,0.0378020447460324,1
-0.37517204740288296,-0.7733959515661186,1.26702050060184,-1.4668195371746937,-1.435004893411075,1
-1.1920953950411695,0.44314002588250323,1.26702050060184,-0.9913512917371917,-0.45313360130633673,1
0.23752046332583182,-1.8367361853151662,1.26702050060184,0.5029774796378147,0.0378020447460324,0
0.9523283925093324,0.9841016005849598,1.26702050060184,-0.5158830462996896,1.51060898290314,0
-0.2730566289480972,0.806500526755731,-0.5025612041493333,-0.04041480086218759,1.0196733368507707,1
-0.2730566289480972,-1.128598099224576,0.3822296482262534,-2.2819079579246973,-0.9440692473587059,1
-1.6005570688603126,-0.9019074470774138,-0.5025612041493333,0.570901514700315,-1.435004893411075,0
-0.6815183027672403,-0.5809773558724568,-1.38735205652492,-0.44795901123718934,1.0196733368507707,0
0.3396358817806176,-0.00794020442816852,0.3822296482262534,-0.8555032216121911,0.0378020447460324,0
1.0544438109641183,-0.5499477218504675,0.3822296482262534,0.7746736198878159,0.5287376907984016,1
1.3607900663284755,-1.8367361853151662,1.26702050060184,0.5029774796378147,0.0378020447460324,0
0.3396358817806176,0.7928335418831245,1.26702050060184,-1.3988955021121934,0.0378020447460324,1
-0.9878645581315978,0.490451501576705,-1.38735205652492,0.4350534445753144,-0.45313360130633673,1
0.13540504487104602,-0.6725322086159893,0.3822296482262534,-0.9913512917371917,0.5287376907984016,0
-0.4772874658576688,-0.37708825501785725,0.3822296482262534,0.9105216900128165,0.0378020447460324,1
2.279828832421548,-0.02899851785432757,1.26702050060184,1.250141865325318,-1.435004893411075,1
0.645982137144975,-0.7747905418592418,-1.38735205652492,0.23128133938781356,-0.45313360130633673,0
0.3396358817806176,1.0849653435350892,-0.5025612041493333,-0.9234272566746914,0.0378020447460324,1
0.9523283925093324,1.8950131152956509,-0.5025612041493333,0.16335730432531329,2.001544628955509,0
0.3396358817806176,-0.8549794837138209,0.3822296482262534,-0.5158830462996896,-1.435004893411075,0
-0.5794028843124546,0.35329354624804654,-0.5025612041493333,-0.58380708136219,-0.45313360130633673,1
-1.2942108134959551,-1.5721824067097112,0.3822296482262534,1.1822178302628177,0.5287376907984016,1
-0.2730566289480972,1.025799850349341,-0.5025612041493333,0.09543326926281298,1.51060898290314,0
-0.9878645581315978,-1.2645706528040799,0.3822296482262534,-1.1271993618621923,-0.9440692473587059,1
0.9523283925093324,-0.7959883143147131,-1.38735205652492,-0.8555032216121911,0.0378020447460324,1
0.7480975555997608,1.0627913578744317,1.26702050060184,2.4727744964503233,0.5287376907984016,0
0.7480975555997608,1.21155927739334,-0.5025612041493333,0.23128133938781356,-1.435004893411075,1
0.13540504487104602,0.36284648975593986,-0.5025612041493333,0.16335730432531329,1.0196733368507707,1
-0.06882579203852558,-0.013169918027380205,0.3822296482262534,0.09543326926281298,-1.435004893411075,0
-1.4984416504055267,-0.27406289711338705,0.3822296482262534,-0.8555032216121911,-0.45313360130633673,1
-0.6815183027672403,-0.8988742131898709,-0.5025612041493333,-1.330971467049693,-1.435004893411075,0
-1.8047879057698841,-0.3649901842250142,-1.38735205652492,-0.5158830462996896,1.0196733368507707,1
0.645982137144975,-0.253004583687228,-0.5025612041493333,-0.7196551514871905,-0.9440692473587059,1
1.156559229418904,-0.20816850576331986,-0.5025612041493333,0.23128133938781356,0.0378020447460324,1
-0.06882579203852558,-1.8367361853151662,1.26702050060184,0.7067495848253156,-0.45313360130633673,0
-0.17094121049331137,-0.5987583821097765,0.3822296482262534,-0.10833883592468789,0.5287376907984016,0
-1.2942108134959551,-0.7726289269049009,1.26702050060184,1.6576860757003198,0.5287376907984016,0
2.279828832421548,-0.32869597184648514,-1.38735205652492,-0.04041480086218759,-0.45313360130633673,0
0.5438667186901892,0.460502675031886,-0.5025612041493333,0.7746736198878159,0.5287376907984016,1
-1.6005570688603126,0.3796513027880734,-0.5025612041493333,-0.6517311164246902,-0.9440692473587059,1
-1.1920953950411695,0.9333385139152784,1.26702050060184,1.3180659003878181,0.0378020447460324,1
-2.519595834953385,0.8975324081393424,-1.38735205652492,-0.8555032216121911,-1.435004893411075,0
-1.8047879057698841,-0.38305012852095854,-1.38735205652492,-0.38003497617468907,0.5287376907984016,1
0.8502129740545467,-0.5031592175161869,1.26702050060184,-0.44795901123718934,-1.9259405394634441,1
-0.6815183027672403,-0.31213521211564815,-1.38735205652492,0.5029774796378147,-0.9440692473587059,1
-0.2730566289480972,0.4029758254405575,-1.38735205652492,0.9105216900128165,1.0196733368507707,1
-1.2942108134959551,-0.8024034296630794,1.26702050060184,-1.330971467049693,0.0378020447460324,1
-0.4772874658576688,0.7136208132337315,1.26702050060184,0.8425976549503162,0.5287376907984016,0
0.645982137144975,-0.12114607147243743,-0.5025612041493333,-2.8253002384246995,0.5287376907984016,0
-0.5794028843124546,-1.149621547893407,1.26702050060184,-2.2819079579246973,0.5287376907984016,1
1.7692517401476189,-0.2774796433315387,-1.38735205652492,0.4350534445753144,-0.9440692473587059,1
0.645982137144975,2.6150052188777875,-0.5025612041493333,0.9105216900128165,1.51060898290314,1
1.8713671586024045,0.5127300815093467,1.26702050060184,-0.9234272566746914,0.0378020447460324,0
-0.37517204740288296,-1.8323780906491565,0.3822296482262534,-0.3121109411121888,0.0378020447460324,0
-2.7238266718629562,0.7857211313881967,-0.5025612041493333,0.570901514700315,-0.9440692473587059,0
0.8502129740545467,0.1861518996172411,-1.38735205652492,0.6388255497628154,-0.9440692473587059,0
0.44175130023540343,-0.36432775383578075,0.3822296482262534,0.6388255497628154,1.0196733368507707,1
1.3607900663284755,-0.08269024413956752,0.3822296482262534,0.6388255497628154,1.0196733368507707,0
-0.2730566289480972,-0.11968175166465816,-0.5025612041493333,-0.3121109411121888,0.0378020447460324,1
1.5650209032380473,0.5123814339360659,0.3822296482262534,-1.3988955021121934,-1.435004893411075,1
1.156559229418904,-0.551063394084966,1.26702050060184,0.7067495848253156,1.51060898290314,0
-2.009018742679456,-0.2929595955852053,-0.5025612041493333,-0.58380708136219,-0.45313360130633673,0
0.03328962641626022,0.35824434178863357,0.3822296482262534,2.4727744964503233,-0.9440692473587059,1
-0.6815183027672403,-1.577028607978314,-0.5025612041493333,-0.38003497617468907,0.5287376907984016,1
0.44175130023540343,-1.1113051795898496,-0.5025612041493333,1.1142937952003173,-1.435004893411075,1
-1.6005570688603126,1.1905706934818372,-0.5025612041493333,-1.263047431987193,-0.9440692473587059,1
0.7480975555997608,-0.15186192267847407,0.3822296482262534,0.16335730432531329,2.001544628955509,1
0.03328962641626022,-0.8344790064049111,1.26702050060184,0.36712940951281414,-0.45313360130633673,1
1.7692517401476189,1.4976943407848753,0.3822296482262534,-1.6026676072996944,-0.9440692473587059,1
1.5650209032380473,1.519449949357596,-1.38735205652492,-1.263047431987193,-2.416876185515813,0
1.2586746478736899,-0.343408899438934,-0.5025612041493333,-0.7196551514871905,0.0378020447460324,1
0.13540504487104602,0.9941775154527743,-1.38735205652492,-1.330971467049693,-1.435004893411075,0
-1.7026724873150985,1.877650466146268,1.26702050060184,0.4350534445753144,0.0378020447460324,1
0.44175130023540343,-1.168413652093241,1.26702050060184,-1.1271993618621923,-0.45313360130633673,1
-0.37517204740288296,-1.3775324665470523,-0.5025612041493333,1.5897620406378195,1.0196733368507707,0
-1.0899799765863836,-1.8367361853151662,1.26702050060184,0.23128133938781356,-1.9259405394634441,1
-0.4772874658576688,-0.25931510476361014,1.26702050060184,1.5897620406378195,-0.45313360130633673,1
0.645982137144975,0.18796486699830114,-0.5025612041493333,0.6388255497628154,-0.9440692473587059,0
-1.4984416504055267,0.9535252084082355,-1.38735205652492,-0.24418690604968846,2.001544628955509,0
-0.06882579203852558,1.0842680483885276,0.3822296482262534,-0.17626287098718818,-0.45313360130633673,1
-0.2730566289480972,-0.07379973102090766,0.3822296482262534,-0.38003497617468907,2.4924802750078783,0
0.03328962641626022,0.08267329986750592,-0.5025612041493333,-1.1271993618621923,1.0196733368507707,1
-1.1920953950411695,1.333307009982988,-0.5025612041493333,0.5029774796378147,1.51060898290314,1
0.645982137144975,0.8425158210756355,1.26702050060184,-0.44795901123718934,-0.45313360130633673,0
0.13540504487104602,-0.43102403460439376,0.3822296482262534,0.8425976549503162,-0.9440692473587059,0
0.03328962641626022,-0.3167722248402825,-1.38735205652492,-1.534743572237194,1.0196733368507707,0
0.5438667186901892,-1.5605724425194614,1.26702050060184,-0.3121109411121888,1.0196733368507707,1
-1.1920953950411695,-0.17494239202966164,0.3822296482262534,-0.04041480086218759,0.5287376907984016,0
0.03328962641626022,1.4761827855134513,-1.38735205652492,-0.17626287098718818,0.5287376907984016,1
-0.2730566289480972,-1.1632885327660136,0.3822296482262534,-0.5158830462996896,1.0196733368507707,0
0.03328962641626022,-1.761498039001174,0.3822296482262534,-0.3121109411121888,-0.9440692473587059,1
-0.37517204740288296,1.934480020591035,-1.38735205652492,1.4539139705128188,2.001544628955509,1
-0.4772874658576688,-0.9335995114886365,0.3822296482262534,0.027509234200312694,1.0196733368507707,0
1.5650209032380473,-1.2897778723522804,1.26702050060184,1.929382215950321,-0.9440692473587059,0
-0.2730566289480972,0.5540796837004471,1.26702050060184,-0.6517311164246902,0.5287376907984016,1
0.44175130023540343,2.4583229994454054,-0.5025612041493333,-1.059275326799692,-0.9440692473587059,1
-0.4772874658576688,-0.26939101963142464,1.26702050060184,0.09543326926281298,0.5287376907984016,0
0.5438667186901892,2.004732506607112,0.3822296482262534,0.8425976549503162,0.5287376907984016,1
-0.4772874658576688,0.08288248841147439,1.26702050060184,-0.04041480086218759,-0.45313360130633673,1
1.3607900663284755,-1.2646403823187362,-0.5025612041493333,-0.58380708136219,2.001544628955509,1
1.3607900663284755,1.345405080775831,1.26702050060184,0.027509234200312694,0.5287376907984016,1
-1.6005570688603126,-1.0551380555343162,1.26702050060184,0.23128133938781356,1.51060898290314,1
-0.5794028843124546,1.3822222645142812,0.3822296482262534,-0.04041480086218759,1.51060898290314,1
0.03328962641626022,-0.40250466311002603,0.3822296482262534,0.8425976549503162,-0.9440692473587059,0
-0.885749139676812,1.1812269385179122,1.26702050060184,-0.10833883592468789,-0.45313360130633673,0
-0.7836337212220261,1.263054523966911,1.26702050060184,0.4350534445753144,0.0378020447460324,0
0.44175130023540343,-1.7208805967139635,1.26702050060184,0.9105216900128165,-1.435004893411075,0
0.7480975555997608,-1.2720665756296168,-1.38735205652492,-1.1271993618621923,-2.416876185515813,1
-2.1111341611342413,-0.2322600530770217,-0.5025612041493333,-0.38003497617468907,-0.45313360130633673,0
0.13540504487104602,-1.0332778526896111,0.3822296482262534,3.152014847075326,-0.45313360130633673,1
1.0544438109641183,0.7431861274479415,1.26702050060184,1.9973062510128212,0.5287376907984016,1
-1.90690332422467,-0.49988193032734757,0.3822296482262534,0.09543326926281298,1.0196733368507707,1
-1.8047879057698841,1.3499723639858092,1.26702050060184,0.16335730432531329,-0.9440692473587059,1
-0.17094121049331137,-0.3641882948064684,-1.38735205652492,-2.1460598877996966,0.0378020447460324,1
0.645982137144975,-0.031160132808668396,1.26702050060184,-0.7875791865496908,1.0196733368507707,0
-2.519595834953385,-0.723399889557655,-1.38735205652492,2.4727744964503233,0.0378020447460324,1
0.3396358817806176,-1.317390760156118,1.26702050060184,1.046369760137817,0.5287376907984016,0
0.13540504487104602,-0.20576283750768248,-1.38735205652492,-1.534743572237194,0.5287376907984016,0
-0.885749139676812,0.4436978619997525,-0.5025612041493333,0.9784457250753168,0.5287376907984016,0
-0.4772874658576688,0.8996591583363551,-0.5025612041493333,-2.213983922862197,1.0196733368507707,0
-1.0899799765863836,0.27408081759865355,1.26702050060184,-0.9913512917371917,1.0196733368507707,1
-0.9878645581315978,-0.48346062962582287,-0.5025612041493333,1.72561011076282,0.0378020447460324,1
-2.315364998043813,-0.13080360925231502,-1.38735205652492,-1.1271993618621923,1.0196733368507707,1
-1.0899799765863836,0.5834009446133606,1.26702050060184,0.5029774796378147,0.0378020447460324,1
1.8713671586024045,-1.8367361853151662,-1.38735205652492,-0.9913512917371917,0.0378020447460324,1
0.23752046332583182,-1.5262655213086327,0.3822296482262534,0.7746736198878159,1.0196733368507707,1
0.7480975555997608,0.581343923931004,1.26702050060184,-1.059275326799692,0.0378020447460324,1
0.23752046332583182,-0.722528270624453,-1.38735205652492,2.0652302860753213,0.5287376907984016,0
-0.6815183027672403,1.4656884935576997,1.26702050060184,-0.38003497617468907,-1.9259405394634441,0
1.5650209032380473,-0.7701883938919355,1.26702050060184,-0.3121109411121888,-0.45313360130633673,1
-1.396326231950741,-0.04242144942563755,1.26702050060184,-0.9913512917371917,0.0378020447460324,0
-0.5794028843124546,-0.17999778184223292,1.26702050060184,-0.10833883592468789,-0.45313360130633673,1
0.03328962641626022,-0.07121973897862989,0.3822296482262534,0.29920537445031387,0.5287376907984016,1
1.2586746478736899,-0.06403759896904584,-0.5025612041493333,0.6388255497628154,-1.435004893411075,1
-0.06882579203852558,1.908436046866961,1.26702050060184,0.6388255497628154,0.5287376907984016,0
-1.1920953950411695,0.22802447316826266,-0.5025612041493333,0.570901514700315,0.5287376907984016,0
-0.2730566289480972,-0.5413012620331041,0.3822296482262534,1.250141865325318,0.0378020447460324,0
-0.885749139676812,0.3059820705538448,-1.38735205652492,-0.58380708136219,0.5287376907984016,1
-0.17094121049331137,-1.8367361853151662,-0.5025612041493333,0.7746736198878159,-0.45313360130633673,1
1.4629054847832614,-0.4299432271272233,0.3822296482262534,-1.4668195371746937,0.0378020447460324,1
-2.1111341611342413,0.6954214099084749,-1.38735205652492,0.6388255497628154,-0.45313360130633673,0
-1.7026724873150985,1.3085181675227247,1.26702050060184,0.16335730432531329,0.5287376907984016,1
1.3607900663284755,-0.18592479058800615,-0.5025612041493333,0.5029774796378147,-0.45313360130633673,0
-0.17094121049331137,1.1620513219874693,-1.38735205652492,0.23128133938781356,-0.45313360130633673,1
2.075597995511976,0.41535281429202514,0.3822296482262534,1.72561011076282,0.5287376907984016,0
0.7480975555997608,1.8457492131910769,-1.38735205652492,-0.8555032216121911,-0.9440692473587059,0
0.645982137144975,-0.9174919936030645,0.3822296482262534,-0.17626287098718818,0.0378020447460324,0
0.13540504487104602,-1.2155508040008025,0.3822296482262534,-0.17626287098718818,-0.9440692473587059,1
-0.2730566289480972,0.31804527658935977,-1.38735205652492,0.23128133938781356,0.5287376907984016,1
-0.9878645581315978,-0.45888097570952796,0.3822296482262534,1.72561011076282,0.5287376907984016,0
-0.2730566289480972,0.5221087012305997,0.3822296482262534,0.9105216900128165,1.51060898290314,1
0.23752046332583182,-1.8367361853151662,1.26702050060184,-1.1271993618621923,0.5287376907984016,0
1.667136321692833,-0.2098420141150676,-0.5025612041493333,-1.8064397124871951,1.51060898290314,1
-0.2730566289480972,0.31630203872295587,-1.38735205652492,0.16335730432531329,-0.9440692473587059,0
0.645982137144975,-1.234586961501933,-0.5025612041493333,0.570901514700315,0.0378020447460324,1
0.03328962641626022,1.0319360476390826,0.3822296482262534,-0.38003497617468907,0.0378020447460324,0
-0.885749139676812,0.6155462508698484,-1.38735205652492,-0.9913512917371917,0.5287376907984016,1
1.5650209032380473,-0.9787493722284974,-0.5025612041493333,0.4350534445753144,0.5287376907984016,0
-0.5794028843124546,-0.6038486366796758,-1.38735205652492,-0.9913512917371917,1.0196733368507707,0
-0.06882579203852558,-0.6707192412349292,0.3822296482262534,-0.04041480086218759,0.0378020447460324,1
1.156559229418904,0.11680589729169417,1.26702050060184,-2.6215281332371987,-0.9440692473587059,0
0.3396358817806176,0.6354540273041809,-0.5025612041493333,-0.04041480086218759,1.0196733368507707,1
-1.2942108134959551,0.2525692623272295,0.3822296482262534,-0.10833883592468789,1.51060898290314,1
0.5438667186901892,-1.0970454938426657,0.3822296482262534,-0.3121109411121888,0.5287376907984016,1
0.5438667186901892,-0.6533565920855464,1.26702050060184,0.9784457250753168,1.0196733368507707,1
-0.885749139676812,-0.11406852573483763,1.26702050060184,0.4350534445753144,-0.9440692473587059,1
1.3607900663284755,-0.9294157406092672,-0.5025612041493333,-1.1951233969246926,-0.9440692473587059,0
0.3396358817806176,-0.45881124619487185,1.26702050060184,0.6388255497628154,1.0196733368507707,0
0.645982137144975,0.7014530129262323,1.26702050060184,-1.059275326799692,0.0378020447460324,0
-0.885749139676812,-0.47739416185073735,-1.38735205652492,-0.24418690604968846,0.0378020447460324,1
0.645982137144975,-0.9261035886630998,0.3822296482262534,-1.8064397124871951,-1.435004893411075,0
0.8502129740545467,1.6096799413226615,1.26702050060184,0.7067495848253156,2.4924802750078783,0
-0.2730566289480972,0.31292015726213235,1.26702050060184,1.7935341458253202,-0.9440692473587059,0
1.156559229418904,-0.8182668942473549,0.3822296482262534,0.6388255497628154,-0.9440692473587059,0
0.13540504487104602,0.1057189044613654,0.3822296482262534,0.9105216900128165,0.0378020447460324,0
-0.885749139676812,0.09825784639315674,1.26702050060184,0.4350534445753144,1.51060898290314,0
-1.0899799765863836,-0.07125460373595797,-0.5025612041493333,-0.7196551514871905,-1.435004893411075,1
-1.0899799765863836,-0.24728676348542325,1.26702050060184,-0.6517311164246902,-0.45313360130633673,0
-0.2730566289480972,-1.8367361853151662,0.3822296482262534,1.250141865325318,-0.45313360130633673,0
-1.6005570688603126,0.30092668074127354,0.3822296482262534,0.09543326926281298,1.0196733368507707,0
-0.06882579203852558,-0.4272237760556333,1.26702050060184,0.570901514700315,1.0196733368507707,1
1.9734825770571904,-0.6700219460883677,-1.38735205652492,0.9784457250753168,-0.45313360130633673,0
-0.17094121049331137,-0.7007029325370763,-0.5025612041493333,0.9105216900128165,-1.435004893411075,0
-0.17094121049331137,0.03156156562454373,-1.38735205652492,-1.534743572237194,-0.9440692473587059,0
-0.5794028843124546,-1.3443412175707221,1.26702050060184,0.7067495848253156,-0.45313360130633673,1
-0.5794028843124546,-1.6655502268343039,-1.38735205652492,1.5218380055753191,1.51060898290314,1
1.0544438109641183,-0.3249305780550527,-0.5025612041493333,1.1142937952003173,0.5287376907984016,1
0.7480975555997608,0.5708496319752525,1.26702050060184,-0.8555032216121911,0.0378020447460324,0
-0.7836337212220261,0.96269463958552,-1.38735205652492,-0.6517311164246902,-0.45313360130633673,0
-1.1920953950411695,1.7601562339506456,-1.38735205652492,-1.263047431987193,1.51060898290314,0
0.3396358817806176,0.5998222453148853,0.3822296482262534,1.7935341458253202,0.0378020447460324,0
-1.7026724873150985,1.7127750287417878,-0.5025612041493333,1.9973062510128212,0.0378020447460324,0
-0.2730566289480972,-0.4752325468963965,-1.38735205652492,-0.24418690604968846,-0.9440692473587059,0
-0.06882579203852558,-0.542556393296915,-1.38735205652492,-0.04041480086218759,0.5287376907984016,1
0.23752046332583182,-0.14725977471116777,-1.38735205652492,-1.6705916423621945,-0.9440692473587059,0
0.9523283925093324,0.06199849877195573,-1.38735205652492,0.9105216900128165,1.0196733368507707,1
0.23752046332583182,-1.7828352704859578,0.3822296482262534,1.4539139705128188,-0.9440692473587059,0
0.44175130023540343,2.6723228799251477,1.26702050060184,0.9105216900128165,-0.9440692473587059,1
-1.0899799765863836,0.44613839501271796,1.26702050060184,0.6388255497628154,1.51060898290314,1
1.0544438109641183,-1.8367361853151662,1.26702050060184,0.8425976549503162,1.0196733368507707,1
0.645982137144975,0.053840145557185505,-0.5025612041493333,0.5029774796378147,2.4924802750078783,1
-0.4772874658576688,1.1079063538569645,1.26702050060184,0.36712940951281414,0.0378020447460324,0
1.7692517401476189,1.893653389759856,0.3822296482262534,0.027509234200312694,1.0196733368507707,0
-0.5794028843124546,1.201657686312166,-1.38735205652492,-0.7875791865496908,-0.45313360130633673,1
0.5438667186901892,2.6276959905452077,0.3822296482262534,-0.7196551514871905,0.0378020447460324,0
-0.7836337212220261,0.9146510039874287,1.26702050060184,-1.8743637475496955,-1.9259405394634441,0
0.8502129740545467,0.47280993436869756,0.3822296482262534,0.7067495848253156,0.5287376907984016,1
-0.5794028843124546,0.29064157732949053,-0.5025612041493333,-0.7875791865496908,1.0196733368507707,1
0.9523283925093324,-0.8449384336033344,0.3822296482262534,0.9105216900128165,-0.9440692473587059,0
-2.009018742679456,0.795762181498683,0.3822296482262534,-0.44795901123718934,0.0378020447460324,1
0.5438667186901892,1.5742573478773343,1.26702050060184,-0.10833883592468789,-0.45313360130633673,0
0.7480975555997608,-0.27650343012635253,-0.5025612041493333,-0.38003497617468907,-0.45313360130633673,1
0.03328962641626022,-0.022548537748633156,1.26702050060184,-0.44795901123718934,-0.45313360130633673,0
-0.2730566289480972,-0.1322679290600943,-0.5025612041493333,-0.24418690604968846,-1.9259405394634441,0
-0.5794028843124546,0.6348613264296036,0.3822296482262534,3.0161667769503255,0.5287376907984016,1
0.23752046332583182,0.36350892014517333,-1.38735205652492,0.5029774796378147,-1.9259405394634441,0
-1.4984416504055267,0.8819129968563635,-1.38735205652492,0.8425976549503162,1.51060898290314,1
-0.06882579203852558,-0.21942982238028902,1.26702050060184,1.5218380055753191,0.0378020447460324,1
0.44175130023540343,0.3808715692945561,1.26702050060184,0.570901514700315,-0.9440692473587059,0
-1.4984416504055267,1.0671494525404415,-1.38735205652492,1.046369760137817,1.0196733368507707,1
1.0544438109641183,0.7618039078611352,1.26702050060184,1.7935341458253202,-0.45313360130633673,0
-1.396326231950741,0.6792441625082467,-1.38735205652492,-1.059275326799692,0.0378020447460324,0
1.0544438109641183,0.798446767812945,-1.38735205652492,-0.5158830462996896,-0.9440692473587059,0
0.44175130023540343,1.3701241937214383,-1.38735205652492,-0.7196551514871905,0.5287376907984016,1
0.645982137144975,-1.2075667745726726,-0.5025612041493333,0.8425976549503162,0.5287376907984016,0
-1.2942108134959551,0.6099678896973559,0.3822296482262534,0.16335730432531329,-0.45313360130633673,1
-0.2730566289480972,0.22213232917981748,-0.5025612041493333,-0.58380708136219,-0.9440692473587059,1
-1.396326231950741,-0.41571840613736755,0.3822296482262534,-2.1460598877996966,-1.435004893411075,0
-0.06882579203852558,0.2445155033844435,-1.38735205652492,0.570901514700315,-0.45313360130633673,1
0.3396358817806176,0.3452746520625886,1.26702050060184,1.4539139705128188,-0.45313360130633673,0
-0.4772874658576688,0.9482954948090239,0.3822296482262534,1.72561011076282,-0.45313360130633673,0
-0.06882579203852558,0.015488912496299823,-1.38735205652492,-0.3121109411121888,-0.9440692473587059,0
2.177713413966762,-1.2925321881811984,1.26702050060184,0.570901514700315,-1.435004893411075,1
1.156559229418904,-0.47561605922700534,1.26702050060184,-0.10833883592468789,-0.9440692473587059,1
2.075597995511976,0.46949778242253015,0.3822296482262534,1.046369760137817,-0.45313360130633673,0
1.156559229418904,-1.0118360269328432,1.26702050060184,1.929382215950321,0.5287376907984016,1
1.2586746478736899,0.29311697509978407,0.3822296482262534,0.29920537445031387,1.51060898290314,0
0.03328962641626022,-0.16842268240931105,-1.38735205652492,0.29920537445031387,2.4924802750078783,0
-0.5794028843124546,0.008969202875949257,-0.5025612041493333,-0.38003497617468907,1.0196733368507707,1
-0.885749139676812,1.3624539471092612,0.3822296482262534,-0.38003497617468907,-1.435004893411075,0
-0.9878645581315978,1.175299929772139,-0.5025612041493333,-1.1271993618621923,-0.45313360130633673,1
0.645982137144975,-0.48053199001026436,-0.5025612041493333,3.423710987325327,0.0378020447460324,1
-0.6815183027672403,0.268920833514098,-0.5025612041493333,0.9105216900128165,0.0378020447460324,0
-0.4772874658576688,2.514002016898346,-1.38735205652492,0.9784457250753168,1.0196733368507707,0
0.03328962641626022,0.3477849145902102,1.26702050060184,0.027509234200312694,1.51060898290314,0
-0.885749139676812,-0.7922926500379368,-0.5025612041493333,1.046369760137817,1.0196733368507707,0
0.645982137144975,-1.1863341373598733,-0.5025612041493333,-1.534743572237194,-0.9440692473587059,0
1.156559229418904,-1.0760220451738347,0.3822296482262534,-1.1271993618621923,-0.9440692473587059,1
0.23752046332583182,-0.2745510037159802,-0.5025612041493333,-0.24418690604968846,0.0378020447460324,0
0.9523283925093324,-0.9712883141602887,-0.5025612041493333,-0.04041480086218759,0.0378020447460324,0
0.3396358817806176,0.11628292593177302,0.3822296482262534,0.36712940951281414,-0.9440692473587059,0
1.5650209032380473,0.9148601925313972,1.26702050060184,-0.58380708136219,-1.435004893411075,1
-0.06882579203852558,0.2294887929760419,0.3822296482262534,-0.9234272566746914,-0.9440692473587059,0
0.9523283925093324,0.9760478416421738,-1.38735205652492,1.5897620406378195,0.5287376907984016,1
-0.6815183027672403,0.548187539712002,-1.38735205652492,0.23128133938781356,-0.9440692473587059,0
0.9523283925093324,0.11004213437004706,-1.38735205652492,-1.6026676072996944,-0.9440692473587059,1
-1.2942108134959551,0.24095929813697956,-0.5025612041493333,-1.3988955021121934,0.5287376907984016,1
0.9523283925093324,-0.06002815187631689,-1.38735205652492,0.9105216900128165,0.5287376907984016,0
-0.6815183027672403,-1.342005278829741,0.3822296482262534,-1.1271993618621923,-0.45313360130633673,1
-0.7836337212220261,0.7991091982021785,-0.5025612041493333,0.4350534445753144,1.51060898290314,0
0.645982137144975,-0.3458494324518995,0.3822296482262534,1.046369760137817,0.5287376907984016,1
0.23752046332583182,-0.404736007579023,-1.38735205652492,0.16335730432531329,-0.9440692473587059,1
0.3396358817806176,-0.15897433317340195,-1.38735205652492,0.16335730432531329,-0.45313360130633673,0
1.5650209032380473,0.8427947391342602,-1.38735205652492,0.027509234200312694,-1.435004893411075,0
-0.7836337212220261,0.15581956074181333,-0.5025612041493333,-0.3121109411121888,0.0378020447460324,1
3.096752180059834,-1.0217724827713455,-1.38735205652492,-1.3988955021121934,-0.9440692473587059,0
1.5650209032380473,-1.4354428284689897,-0.5025612041493333,0.16335730432531329,0.0378020447460324,1
-0.37517204740288296,1.7185974432155768,0.3822296482262534,-0.58380708136219,1.0196733368507707,0
0.13540504487104602,0.844537977000664,1.26702050060184,-0.3121109411121888,0.5287376907984016,1
-0.6815183027672403,0.5016082239216899,1.26702050060184,-0.44795901123718934,-0.9440692473587059,0
0.7480975555997608,-0.07721647723905929,-0.5025612041493333,1.5218380055753191,0.0378020447460324,0
0.23752046332583182,-0.26098861311535787,-0.5025612041493333,-0.44795901123718934,1.0196733368507707,0
2.177713413966762,-0.9341224828485577,1.26702050060184,-1.263047431987193,0.5287376907984016,1
2.3819442508763338,-1.3356598929960308,-1.38735205652492,-0.38003497617468907,1.0196733368507707,0
-0.7836337212220261,0.15672604443234336,0.3822296482262534,-0.04041480086218759,0.5287376907984016,0
0.9523283925093324,0.7205937646993471,1.26702050060184,0.570901514700315,0.0378020447460324,0
-1.0899799765863836,1.594339448098307,-0.5025612041493333,0.7067495848253156,0.0378020447460324,0
0.23752046332583182,0.7436742340505347,0.3822296482262534,1.5218380055753191,0.5287376907984016,0
0.645982137144975,-0.8701107883942067,0.3822296482262534,-0.5158830462996896,3.4743515671126164,1
0.7480975555997608,0.8904897271590707,-1.38735205652492,1.5897620406378195,-0.45313360130633673,1
0.13540504487104602,-0.57348143304692,1.26702050060184,-0.44795901123718934,0.5287376907984016,1
0.3396358817806176,-1.1397896863268893,-1.38735205652492,1.1142937952003173,-0.45313360130633673,0
0.23752046332583182,-0.7459573875489214,0.3822296482262534,-0.3121109411121888,0.5287376907984016,0
0.8502129740545467,-0.9591205138527896,-1.38735205652492,-0.8555032216121911,-0.45313360130633673,0
-0.885749139676812,-0.12023958778190741,1.26702050060184,-0.5158830462996896,0.0378020447460324,1
0.645982137144975,-0.8850677692879522,-0.5025612041493333,1.3859899354503185,1.0196733368507707,1
-2.1111341611342413,0.09581731338019128,-0.5025612041493333,-1.330971467049693,-0.45313360130633673,1
0.13540504487104602,0.9031456340691629,-1.38735205652492,-0.7875791865496908,0.0378020447460324,0
0.645982137144975,-1.0159152035402284,1.26702050060184,-1.263047431987193,0.0378020447460324,0
-0.5794028843124546,1.7134025943736932,-0.5025612041493333,-3.096996378674701,-1.435004893411075,1
0.7480975555997608,0.3193004078531706,-0.5025612041493333,0.027509234200312694,0.5287376907984016,1
-0.5794028843124546,-1.8367361853151662,-0.5025612041493333,0.027509234200312694,-0.45313360130633673,0
-1.7026724873150985,-1.8367361853151662,0.3822296482262534,-0.9234272566746914,0.0378020447460324,1
0.44175130023540343,-0.539453429894716,-0.5025612041493333,0.4350534445753144,0.0378020447460324,1
0.5438667186901892,0.03867397611947162,-1.38735205652492,0.36712940951281414,-0.45313360130633673,0
-0.5794028843124546,-1.8367361853151662,0.3822296482262534,-0.10833883592468789,2.4924802750078783,1
0.44175130023540343,-0.4995332827540668,1.26702050060184,0.027509234200312694,-1.435004893411075,1
-0.37517204740288296,0.3204858096023252,-1.38735205652492,-0.9234272566746914,0.0378020447460324,0
-0.885749139676812,0.9056907613541126,0.3822296482262534,1.250141865325318,0.5287376907984016,1
0.5438667186901892,1.489466258055449,0.3822296482262534,0.09543326926281298,0.0378020447460324,1
1.0544438109641183,-1.8367361853151662,1.26702050060184,-0.7196551514871905,-0.45313360130633673,0
-1.396326231950741,-0.18045102368749794,-0.5025612041493333,-0.6517311164246902,-0.9440692473587059,0
-0.2730566289480972,0.08361464831536403,1.26702050060184,0.7067495848253156,0.0378020447460324,0
0.8502129740545467,-0.8457054582645522,-0.5025612041493333,0.36712940951281414,-0.45313360130633673,0
0.23752046332583182,1.0644300014688513,-1.38735205652492,-0.8555032216121911,0.0378020447460324,1
-0.5794028843124546,-1.0387516195901194,-1.38735205652492,-0.3121109411121888,-1.435004893411075,1
-1.0899799765863836,0.9034245521277876,-1.38735205652492,1.5897620406378195,0.5287376907984016,1
0.03328962641626022,-1.164752852573793,0.3822296482262534,-0.24418690604968846,1.0196733368507707,1
-0.9878645581315978,0.5197727624896185,-1.38735205652492,-0.24418690604968846,0.5287376907984016,1
-0.9878645581315978,-0.4285835015914283,-1.38735205652492,0.6388255497628154,2.4924802750078783,1
1.156559229418904,-0.1881909998143312,1.26702050060184,-2.1460598877996966,-0.9440692473587059,0
0.23752046332583182,-0.5115267592749256,-1.38735205652492,-0.7875791865496908,-0.9440692473587059,0
-1.90690332422467,-1.727853548179579,1.26702050060184,0.8425976549503162,1.0196733368507707,1
0.7480975555997608,-0.7033875188513382,1.26702050060184,-0.17626287098718818,-0.9440692473587059,1
0.03328962641626022,-1.0696766593401246,-1.38735205652492,-1.7385156774246948,1.51060898290314,1
-0.5794028843124546,2.078645792142637,1.26702050060184,-2.3498319929871974,1.0196733368507707,0
-0.17094121049331137,-1.8367361853151662,0.3822296482262534,-0.17626287098718818,-0.45313360130633673,1
-1.2942108134959551,2.0637585407635477,1.26702050060184,-1.059275326799692,0.5287376907984016,0
1.156559229418904,-1.2360164165523841,-0.5025612041493333,-0.7196551514871905,-0.9440692473587059,0
-2.009018742679456,-1.4858921323227186,0.3822296482262534,0.4350534445753144,-0.9440692473587059,1
0.5438667186901892,-0.1095361072821875,-1.38735205652492,-1.059275326799692,-0.45313360130633673,1
-0.06882579203852558,-0.6965191616577069,0.3822296482262534,1.250141865325318,-0.9440692473587059,1
-0.17094121049331137,0.6944451967032887,1.26702050060184,-0.58380708136219,-0.9440692473587059,0
0.03328962641626022,0.10735754805578507,-1.38735205652492,0.6388255497628154,0.5287376907984016,0
0.23752046332583182,2.0770768780628734,0.3822296482262534,-0.7875791865496908,0.0378020447460324,0
-1.0899799765863836,0.8669908807199462,1.26702050060184,-0.17626287098718818,-0.45313360130633673,0
0.03328962641626022,-0.5571647266173796,1.26702050060184,-1.1271993618621923,0.5287376907984016,1
-0.5794028843124546,1.5962918745086796,-0.5025612041493333,-2.1460598877996966,-1.9259405394634441,0
0.13540504487104602,3.246301379817294,-1.38735205652492,0.7067495848253156,0.0378020447460324,1
-1.7026724873150985,0.3392779138021592,1.26702050060184,-0.17626287098718818,1.51060898290314,1
0.3396358817806176,0.21352073411978226,1.26702050060184,-0.3121109411121888,0.0378020447460324,1
0.13540504487104602,0.5273035500724833,0.3822296482262534,-1.9422877826121958,0.0378020447460324,1
-1.1920953950411695,-0.46289042280225695,0.3822296482262534,1.046369760137817,0.0378020447460324,1
-0.7836337212220261,0.39680476339348775,-0.5025612041493333,0.4350534445753144,1.0196733368507707,0
0.645982137144975,-1.1560017984844455,-1.38735205652492,-0.04041480086218759,0.0378020447460324,1
-0.4772874658576688,0.9837529530116791,-0.5025612041493333,0.29920537445031387,-0.45313360130633673,1
0.03328962641626022,-1.8367361853151662,0.3822296482262534,-1.6705916423621945,1.0196733368507707,1
0.13540504487104602,-0.11745040719566117,-1.38735205652492,-1.3988955021121934,0.0378020447460324,0
-0.37517204740288296,-1.0583107484511711,0.3822296482262534,-0.58380708136219,-0.45313360130633673,1
0.23752046332583182,0.6314445802114519,-0.5025612041493333,-0.6517311164246902,-1.435004893411075,1
-0.7836337212220261,0.7219534902351421,-1.38735205652492,-0.58380708136219,0.0378020447460324,0
1.8713671586024045,0.049307727104535376,-0.5025612041493333,-0.6517311164246902,-0.45313360130633673,0
-0.885749139676812,-1.8144924701398526,0.3822296482262534,1.1822178302628177,-0.45313360130633673,0
1.7692517401476189,0.15100822423053858,-1.38735205652492,-0.17626287098718818,-0.9440692473587059,0
-1.0899799765863836,-0.44367994151448603,0.3822296482262534,1.72561011076282,1.0196733368507707,1
1.8713671586024045,0.19950510167389493,-1.38735205652492,-0.5158830462996896,1.51060898290314,0
1.0544438109641183,0.47835343078386194,-0.5025612041493333,0.6388255497628154,-0.9440692473587059,1
-0.7836337212220261,-0.31244899493160083,1.26702050060184,1.4539139705128188,0.0378020447460324,0
-1.6005570688603126,0.3833121023075216,-0.5025612041493333,-1.1271993618621923,0.5287376907984016,0
-2.7238266718629562,0.9485395481103204,1.26702050060184,-0.6517311164246902,0.0378020447460324,0
2.484059669331119,0.4249406225572466,-0.5025612041493333,-1.059275326799692,0.0378020447460324,0
-0.4772874658576688,-0.07177757509587913,-1.38735205652492,1.250141865325318,0.0378020447460324,0
1.3607900663284755,0.20515319236104357,1.26702050060184,-0.6517311164246902,-0.45313360130633673,1
-0.885749139676812,0.38760046745887516,1.26702050060184,-1.8743637475496955,0.0378020447460324,1
-0.17094121049331137,1.0655805384606778,0.3822296482262534,-1.1951233969246926,-1.435004893411075,0
-0.17094121049331137,0.06381146615301578,-1.38735205652492,0.7746736198878159,0.0378020447460324,1
0.13540504487104602,0.1874070308810519,1.26702050060184,0.36712940951281414,1.0196733368507707,0
-1.90690332422467,1.0452543849384084,0.3822296482262534,0.5029774796378147,0.0378020447460324,0
-1.0899799765863836,0.30514531637797093,-1.38735205652492,0.23128133938781356,-0.45313360130633673,1
0.5438667186901892,-0.3558556178050578,1.26702050060184,-1.1951233969246926,0.5287376907984016,1
-0.7836337212220261,0.6675296040460126,0.3822296482262534,0.6388255497628154,-0.45313360130633673,0
-0.5794028843124546,-1.379554622472081,-1.38735205652492,0.9105216900128165,1.51060898290314,1
0.5438667186901892,-0.2988866043309785,1.26702050060184,1.4539139705128188,0.0378020447460324,1
-0.885749139676812,-0.7351144480198891,1.26702050060184,0.5029774796378147,2.001544628955509,0
-0.2730566289480972,-0.7644705736901307,-1.38735205652492,-1.1271993618621923,0.0378020447460324,1
-1.0899799765863836,0.688762241258812,0.3822296482262534,0.7746736198878159,1.0196733368507707,0
-2.2132495795890272,-0.2043333824572313,-0.5025612041493333,0.9784457250753168,1.0196733368507707,0
1.8713671586024045,-1.0906303784942994,1.26702050060184,-0.17626287098718818,0.0378020447460324,1
0.3396358817806176,0.8519641703115446,0.3822296482262534,0.027509234200312694,0.0378020447460324,0
-0.06882579203852558,-1.7285159785688125,-0.5025612041493333,-1.1951233969246926,-0.45313360130633673,1
-0.37517204740288296,0.6727941824025523,-0.5025612041493333,1.046369760137817,-0.9440692473587059,0
-0.4772874658576688,0.113145097772246,0.3822296482262534,-0.7875791865496908,-0.45313360130633673,0
-1.8047879057698841,-1.5025226215682117,-0.5025612041493333,-0.9234272566746914,-0.9440692473587059,1
-1.2942108134959551,-0.24791432911732866,-0.5025612041493333,-0.9234272566746914,-0.45313360130633673,1
-0.37517204740288296,-0.13380197838252972,-1.38735205652492,0.16335730432531329,0.0378020447460324,1
-0.17094121049331137,1.034725228225329,-1.38735205652492,-0.5158830462996896,0.0378020447460324,0
0.645982137144975,0.5339627187221462,1.26702050060184,0.8425976549503162,1.51060898290314,1
1.8713671586024045,0.49630878080782204,-1.38735205652492,-1.263047431987193,-0.45313360130633673,0
-0.17094121049331137,1.170349134231552,-0.5025612041493333,-0.3121109411121888,-0.45313360130633673,0
-0.5794028843124546,-0.6815273160066334,1.26702050060184,-0.9913512917371917,-1.435004893411075,0
-0.9878645581315978,2.058493962407008,0.3822296482262534,0.23128133938781356,1.51060898290314,1
0.44175130023540343,-0.23728057813226489,-0.5025612041493333,0.16335730432531329,-0.45313360130633673,0
-1.4984416504055267,0.9503525154913804,0.3822296482262534,0.36712940951281414,-1.435004893411075,0
-0.9878645581315978,2.057169101628541,0.3822296482262534,0.570901514700315,0.0378020447460324,1
-0.2730566289480972,-1.127517291747406,-1.38735205652492,2.0652302860753213,-1.435004893411075,0
-1.396326231950741,0.32453012145238225,-1.38735205652492,-0.5158830462996896,1.51060898290314,1
1.5650209032380473,-0.033879583880258475,0.3822296482262534,0.570901514700315,0.5287376907984016,1
-0.17094121049331137,-1.2500320489982715,1.26702050060184,-0.6517311164246902,1.0196733368507707,1
-0.4772874658576688,-1.384575147527324,1.26702050060184,-0.6517311164246902,-1.435004893411075,1
0.7480975555997608,0.3287487570890797,-0.5025612041493333,0.7067495848253156,0.5287376907984016,0
1.4629054847832614,-0.19638421778642953,1.26702050060184,0.16335730432531329,0.0378020447460324,0
-0.4772874658576688,0.09965243668627985,-0.5025612041493333,-1.4668195371746937,0.0378020447460324,1
0.23752046332583182,2.240313671872934,1.26702050060184,0.36712940951281414,2.001544628955509,0
-1.2942108134959551,0.608677893676217,1.26702050060184,-0.9234272566746914,-0.45313360130633673,1
0.645982137144975,-0.15092057423061594,-0.5025612041493333,-0.8555032216121911,0.0378020447460324,0
-1.2942108134959551,-1.326734515120043,-0.5025612041493333,0.36712940951281414,0.0378020447460324,1
-0.5794028843124546,-0.7270606890771031,1.26702050060184,-0.04041480086218759,2.001544628955509,0
0.3396358817806176,-1.8367361853151662,-1.38735205652492,0.9105216900128165,0.0378020447460324,0
-1.396326231950741,0.6155113861125203,0.3822296482262534,1.5897620406378195,-1.435004893411075,1
-0.7836337212220261,0.34475168070266743,-1.38735205652492,-0.44795901123718934,-1.9259405394634441,0
1.0544438109641183,-1.3171815716121495,1.26702050060184,-1.263047431987193,-0.45313360130633673,1
-0.17094121049331137,-0.4460856097701234,0.3822296482262534,0.570901514700315,-0.9440692473587059,1
-0.5794028843124546,0.11349374534552678,1.26702050060184,-0.17626287098718818,0.5287376907984016,0
-1.0899799765863836,-0.026069878238769023,1.26702050060184,-0.04041480086218759,1.51060898290314,1
-0.885749139676812,1.5928402635331997,-1.38735205652492,-1.1271993618621923,0.0378020447460324,1
0.645982137144975,0.5693853121674733,-0.5025612041493333,0.7746736198878159,0.5287376907984016,1
2.790405924695477,-1.2478007045292745,-0.5025612041493333,0.027509234200312694,0.5287376907984016,0
-0.06882579203852558,0.8084878179234315,-0.5025612041493333,0.29920537445031387,-0.45313360130633673,0
0.03328962641626022,-0.11898445651809661,0.3822296482262534,1.3859899354503185,-0.45313360130633673,1
-0.06882579203852558,-0.6648619620038122,-0.5025612041493333,-0.38003497617468907,0.0378020447460324,0
-0.2730566289480972,-1.1387437436070469,-1.38735205652492,0.8425976549503162,-1.435004893411075,1
-1.6005570688603126,0.754552038336895,1.26702050060184,0.5029774796378147,0.5287376907984016,1
-0.885749139676812,0.07444521713807954,1.26702050060184,0.7067495848253156,0.5287376907984016,1
-2.1111341611342413,0.7597120224214505,1.26702050060184,-1.059275326799692,0.0378020447460324,1
-0.17094121049331137,-0.30655685094315566,1.26702050060184,-1.9422877826121958,-0.45313360130633673,1
-0.7836337212220261,0.20679183595546322,1.26702050060184,-0.3121109411121888,-0.45313360130633673,1
1.0544438109641183,0.4747274960217418,-1.38735205652492,-1.330971467049693,-1.435004893411075,1
-1.7026724873150985,0.41347011739630896,-0.5025612041493333,0.29920537445031387,2.001544628955509,0
-0.37517204740288296,-0.039179026994126315,-1.38735205652492,-1.1951233969246926,-0.9440692473587059,0
0.3396358817806176,1.4677455142400564,0.3822296482262534,0.29920537445031387,-1.435004893411075,1
0.3396358817806176,-0.5827205937388606,-0.5025612041493333,1.4539139705128188,-1.9259405394634441,1
1.8713671586024045,0.8679322291678043,0.3822296482262534,0.09543326926281298,0.0378020447460324,1
2.177713413966762,-0.9156092967073484,1.26702050060184,-0.44795901123718934,1.51060898290314,1
0.13540504487104602,0.07367819247686183,0.3822296482262534,0.23128133938781356,-0.45313360130633673,1
1.5650209032380473,-0.2683102121542542,1.26702050060184,0.23128133938781356,0.0378020447460324,1
0.23752046332583182,-1.4773851315346673,1.26702050060184,0.23128133938781356,0.0378020447460324,0
0.8502129740545467,-0.6099499692120894,0.3822296482262534,-0.3121109411121888,-0.45313360130633673,0
0.13540504487104602,-0.32723165203870586,1.26702050060184,1.250141865325318,0.0378020447460324,1
0.3396358817806176,-0.646418505377259,1.26702050060184,0.29920537445031387,-0.9440692473587059,1
-0.885749139676812,0.48180504175934163,1.26702050060184,-0.44795901123718934,0.0378020447460324,1
-1.4984416504055267,0.5436202565020237,-0.5025612041493333,-0.5158830462996896,-0.45313360130633673,1
-2.1111341611342413,1.6612797821682168,-0.5025612041493333,0.027509234200312694,-0.9440692473587059,0
-1.0899799765863836,-1.8367361853151662,-1.38735205652492,-0.04041480086218759,-0.9440692473587059,0
-1.1920953950411695,-0.15377948433151833,-0.5025612041493333,-0.9913512917371917,-1.435004893411075,1
-0.06882579203852558,-0.45246586036116165,-0.5025612041493333,-0.17626287098718818,-0.45313360130633673,1
-0.2730566289480972,-0.8432649252515867,1.26702050060184,0.570901514700315,0.0378020447460324,1
1.4629054847832614,0.36873863374438504,-1.38735205652492,1.72561011076282,-0.45313360130633673,0
-0.4772874658576688,-1.8367361853151662,0.3822296482262534,-0.44795901123718934,-0.45313360130633673,0
-0.9878645581315978,0.22303881287034752,1.26702050060184,-1.1951233969246926,-0.45313360130633673,0
-0.06882579203852558,2.4203204139578007,-0.5025612041493333,-0.24418690604968846,-0.45313360130633673,0
1.3607900663284755,-0.0781578256869174,0.3822296482262534,-1.3988955021121934,1.0196733368507707,0
0.645982137144975,-1.5013372198190569,-1.38735205652492,-0.17626287098718818,-0.9440692473587059,0
-0.37517204740288296,1.1330787086478367,0.3822296482262534,0.9105216900128165,-0.45313360130633673,1
1.7692517401476189,-1.8367361853151662,-1.38735205652492,0.7067495848253156,-0.9440692473587059,1
0.23752046332583182,0.5738480011054673,0.3822296482262534,-0.7196551514871905,1.0196733368507707,0
-0.7836337212220261,-1.0189833021850994,1.26702050060184,1.250141865325318,-0.9440692473587059,0
-0.4772874658576688,-0.8628240541126384,-1.38735205652492,-0.5158830462996896,-0.45313360130633673,1
-0.4772874658576688,0.5887701172418845,-0.5025612041493333,0.027509234200312694,0.5287376907984016,0
-0.2730566289480972,-0.3285913775745009,-0.5025612041493333,-0.38003497617468907,0.5287376907984016,0
0.3396358817806176,0.3672045844219496,-1.38735205652492,-0.6517311164246902,-1.435004893411075,1
0.5438667186901892,-0.8726559156791563,-0.5025612041493333,-0.17626287098718818,0.5287376907984016,1
-0.06882579203852558,-0.7341033700573748,0.3822296482262534,-0.24418690604968846,-0.9440692473587059,0
0.23752046332583182,-1.195608162809142,-0.5025612041493333,-0.38003497617468907,-1.9259405394634441,1
-1.0899799765863836,-1.056497781070111,-1.38735205652492,-1.1271993618621923,1.0196733368507707,1
-0.06882579203852558,-1.449911702760142,1.26702050060184,0.7067495848253156,0.5287376907984016,0
-0.7836337212220261,-0.4306405222737849,-1.38735205652492,-2.010211817674696,0.5287376907984016,1
-0.06882579203852558,0.467649950284142,-1.38735205652492,1.9973062510128212,-0.9440692473587059,0
0.23752046332583182,-0.09032562599441658,-0.5025612041493333,0.4350534445753144,-1.435004893411075,1
-0.6815183027672403,-0.29993254705082084,1.26702050060184,0.36712940951281414,-0.45313360130633673,1
0.23752046332583182,-0.9793769378604028,-0.5025612041493333,-1.6705916423621945,1.0196733368507707,0
0.5438667186901892,1.6149445196792012,0.3822296482262534,0.027509234200312694,-0.9440692473587059,0
0.8502129740545467,-0.41693867264385026,1.26702050060184,-0.7875791865496908,2.001544628955509,0
0.3396358817806176,-0.7478052196873095,-0.5025612041493333,0.8425976549503162,-1.435004893411075,0
-0.17094121049331137,0.7005116644783742,-1.38735205652492,-1.3988955021121934,-0.9440692473587059,1
0.3396358817806176,-0.3926728015435081,-0.5025612041493333,0.23128133938781356,0.0378020447460324,1
-1.7026724873150985,-0.25045945640227835,-0.5025612041493333,0.16335730432531329,1.0196733368507707,1
-0.2730566289480972,1.1580767396520686,-0.5025612041493333,1.1142937952003173,0.5287376907984016,1
1.2586746478736899,-0.7805780915757027,0.3822296482262534,0.09543326926281298,1.51060898290314,0
-0.5794028843124546,1.0361546832757802,1.26702050060184,-0.8555032216121911,-0.45313360130633673,1
0.03328962641626022,-0.03426309621086733,1.26702050060184,0.4350534445753144,-0.45313360130633673,0
-1.4984416504055267,0.3501208533311914,0.3822296482262534,-1.263047431987193,0.0378020447460324,1
-0.885749139676812,0.8426552801049478,1.26702050060184,-0.58380708136219,0.5287376907984016,0
0.44175130023540343,-1.8367361853151662,0.3822296482262534,0.570901514700315,0.5287376907984016,0
1.2586746478736899,-1.7473429475259745,1.26702050060184,0.9105216900128165,1.51060898290314,0
-0.17094121049331137,1.4768103511453565,1.26702050060184,0.8425976549503162,1.0196733368507707,0
-0.37517204740288296,-0.6507068705286125,-1.38735205652492,0.9105216900128165,-1.435004893411075,1
-0.7836337212220261,0.02497212648953701,1.26702050060184,0.7067495848253156,-0.45313360130633673,1
-1.396326231950741,0.14124609217867679,1.26702050060184,-0.04041480086218759,0.5287376907984016,0
0.8502129740545467,-0.3870944403710156,1.26702050060184,2.133154321137822,0.5287376907984016,0
-0.37517204740288296,-1.3736973432409638,0.3822296482262534,0.09543326926281298,0.0378020447460324,1
-0.4772874658576688,-0.19662827108772607,1.26702050060184,0.9784457250753168,-0.45313360130633673,1
1.5650209032380473,-0.6214902038876833,0.3822296482262534,-1.263047431987193,0.0378020447460324,0
-0.9878645581315978,0.4411875994721309,-0.5025612041493333,-0.10833883592468789,0.5287376907984016,0
-0.5794028843124546,0.2084304795498829,1.26702050060184,1.1822178302628177,-1.9259405394634441,1
0.23752046332583182,1.6239396270698454,1.26702050060184,-1.263047431987193,0.0378020447460324,1
0.5438667186901892,0.43780571801130735,-0.5025612041493333,-0.24418690604968846,-0.9440692473587059,0
0.8502129740545467,-0.7691424511720931,-0.5025612041493333,-0.6517311164246902,-0.9440692473587059,0
-0.37517204740288296,-0.6468717472225239,-0.5025612041493333,-0.24418690604968846,-0.45313360130633673,1
0.03328962641626022,1.1217476625162113,0.3822296482262534,0.570901514700315,-1.435004893411075,1
0.3396358817806176,-0.5996300010429785,-0.5025612041493333,-2.0781358527371965,-2.416876185515813,1
-0.5794028843124546,-0.8824529124883463,-0.5025612041493333,1.1142937952003173,2.001544628955509,1
-0.885749139676812,-0.16723728066015642,-1.38735205652492,0.4350534445753144,2.983415921060247,0
-0.4772874658576688,-1.3587403623472183,1.26702050060184,0.36712940951281414,0.5287376907984016,1
-0.06882579203852558,1.2846009439956632,1.26702050060184,0.9105216900128165,-0.45313360130633673,0
-0.06882579203852558,0.48762745623313064,0.3822296482262534,1.250141865325318,-0.45313360130633673,1
-0.4772874658576688,0.01670917900278255,1.26702050060184,-1.6026676072996944,2.001544628955509,0
0.3396358817806176,0.2882010443165251,1.26702050060184,-0.5158830462996896,1.51060898290314,1
0.13540504487104602,0.21895963626296241,-0.5025612041493333,-0.7875791865496908,0.5287376907984016,1
-0.7836337212220261,0.034803988056054974,0.3822296482262534,-0.6517311164246902,0.5287376907984016,1
0.645982137144975,0.09463191163103664,0.3822296482262534,-0.17626287098718818,-0.45313360130633673,0
-0.5794028843124546,0.9441117239296545,0.3822296482262534,-0.9913512917371917,-0.45313360130633673,0
0.7480975555997608,1.281811763409417,1.26702050060184,0.6388255497628154,-0.9440692473587059,0
-0.5794028843124546,-1.8367361853151662,-0.5025612041493333,0.5029774796378147,-0.45313360130633673,1
0.7480975555997608,0.5501399661223743,-0.5025612041493333,1.5218380055753191,0.0378020447460324,0
0.7480975555997608,1.1487329846881436,1.26702050060184,0.29920537445031387,-1.435004893411075,0
0.7480975555997608,0.3322352328218875,-1.38735205652492,0.16335730432531329,1.0196733368507707,1
-0.9878645581315978,0.5662823487652744,-0.5025612041493333,-2.2819079579246973,0.0378020447460324,1
-0.06882579203852558,0.9033896873704595,-0.5025612041493333,-1.6705916423621945,-0.9440692473587059,1
-0.7836337212220261,0.8307315330987451,0.3822296482262534,1.1142937952003173,2.4924802750078783,0
2.177713413966762,0.05600176051152633,-1.38735205652492,1.250141865325318,-2.416876185515813,0
0.44175130023540343,2.2624179280189356,-0.5025612041493333,-0.3121109411121888,-0.9440692473587059,0
-0.5794028843124546,1.7633637916248288,0.3822296482262534,0.8425976549503162,0.0378020447460324,0
-0.885749139676812,0.20058590915106536,1.26702050060184,-0.10833883592468789,0.5287376907984016,1
-1.0899799765863836,-0.7748602713738979,-1.38735205652492,-0.24418690604968846,-0.9440692473587059,1
-0.06882579203852558,-0.29606255898740425,1.26702050060184,0.570901514700315,-0.45313360130633673,1
0.3396358817806176,1.4508709716932666,0.3822296482262534,-0.3121109411121888,-0.45313360130633673,0
-0.6815183027672403,-1.8367361853151662,-0.5025612041493333,-0.10833883592468789,0.5287376907984016,0
-1.2942108134959551,0.22868690355749613,0.3822296482262534,0.9784457250753168,0.5287376907984016,1
0.7480975555997608,-0.22085927743074021,-1.38735205652492,0.29920537445031387,0.0378020447460324,0
-1.2942108134959551,-1.0408435050298042,0.3822296482262534,0.5029774796378147,0.5287376907984016,0
-0.17094121049331137,0.6620558371455043,1.26702050060184,-0.6517311164246902,-0.45313360130633673,0
-1.2942108134959551,0.9071550811618919,-0.5025612041493333,-0.9913512917371917,0.5287376907984016,0
-0.37517204740288296,0.6485283113022101,-1.38735205652492,-0.58380708136219,0.5287376907984016,1
0.23752046332583182,-0.3123444006596166,-1.38735205652492,-0.7196551514871905,0.5287376907984016,0
1.0544438109641183,-0.22929654870413504,-0.5025612041493333,1.3180659003878181,-0.45313360130633673,1
-1.1920953950411695,-0.05375249555726287,0.3822296482262534,1.8614581808878206,-0.9440692473587059,0
-0.06882579203852558,-0.7165315323640236,1.26702050060184,-0.9913512917371917,2.4924802750078783,1
-1.396326231950741,1.5876802794486442,-0.5025612041493333,0.8425976549503162,1.51060898290314,1
0.3396358817806176,1.226376799257773,0.3822296482262534,0.7746736198878159,-0.45313360130633673,1
0.645982137144975,1.1580418748947405,-1.38735205652492,-0.6517311164246902,-0.45313360130633673,0
0.645982137144975,2.2185580633002138,1.26702050060184,1.046369760137817,0.5287376907984016,1
-2.009018742679456,-1.6251768378483897,-0.5025612041493333,-0.5158830462996896,0.5287376907984016,0
1.4629054847832614,0.00018328402927362836,0.3822296482262534,-0.24418690604968846,1.0196733368507707,0
2.177713413966762,1.4452577457634461,-1.38735205652492,1.1142937952003173,1.51060898290314,0
-0.5794028843124546,0.37152781433063126,0.3822296482262534,-0.24418690604968846,0.0378020447460324,0
1.8713671586024045,-0.25174945242341723,-0.5025612041493333,-0.58380708136219,-1.435004893411075,1
-0.6815183027672403,-0.7694213692307178,-1.38735205652492,-0.58380708136219,0.0378020447460324,1
-1.6005570688603126,0.33512900768011794,0.3822296482262534,0.23128133938781356,0.5287376907984016,0
0.645982137144975,-1.8367361853151662,1.26702050060184,-1.534743572237194,0.5287376907984016,1
0.13540504487104602,-1.7596850716201142,-1.38735205652492,0.16335730432531329,2.001544628955509,1
1.4629054847832614,0.9530371018056424,-1.38735205652492,1.250141865325318,-0.9440692473587059,1
-0.6815183027672403,1.2707596353364163,1.26702050060184,0.4350534445753144,4.4562228592173545,1
0.5438667186901892,-0.09705452415873561,-1.38735205652492,-0.6517311164246902,0.5287376907984016,1
-1.4984416504055267,1.0923566720886417,1.26702050060184,0.29920537445031387,1.51060898290314,0
-1.396326231950741,0.6472383152810712,-1.38735205652492,-1.7385156774246948,0.5287376907984016,1
1.156559229418904,-0.940990840042189,0.3822296482262534,1.7935341458253202,0.0378020447460324,1
-0.06882579203852558,-0.2973874197658712,-0.5025612041493333,-1.8743637475496955,-0.9440692473587059,0
1.156559229418904,-1.5469403224041829,0.3822296482262534,0.5029774796378147,-0.9440692473587059,0
0.645982137144975,-1.3422841968883656,1.26702050060184,-0.44795901123718934,0.5287376907984016,0
-0.6815183027672403,-0.7618208521331968,-1.38735205652492,0.027509234200312694,-0.9440692473587059,1
-0.5794028843124546,-0.15695217724837343,-1.38735205652492,2.744470636700324,-0.9440692473587059,0
-0.6815183027672403,0.6473429095530555,-0.5025612041493333,-0.24418690604968846,0.0378020447460324,1
2.688290506240691,1.3432434658214902,0.3822296482262534,-0.44795901123718934,1.0196733368507707,1
-0.06882579203852558,0.13388962838245236,-0.5025612041493333,-0.17626287098718818,-0.45313360130633673,1
0.03328962641626022,-0.047686027782177315,-1.38735205652492,1.4539139705128188,-0.45313360130633673,1
0.7480975555997608,0.20278238886273425,0.3822296482262534,0.7746736198878159,0.0378020447460324,1
-0.885749139676812,-0.2395119226012619,-1.38735205652492,1.1142937952003173,0.0378020447460324,0
1.7692517401476189,1.0282752481196344,-1.38735205652492,1.1822178302628177,0.0378020447460324,1
0.03328962641626022,0.437666258981995,0.3822296482262534,-1.330971467049693,-0.9440692473587059,1
-0.9878645581315978,-1.8367361853151662,1.26702050060184,1.7935341458253202,1.0196733368507707,1
-0.4772874658576688,0.09104084162624461,-0.5025612041493333,-1.330971467049693,-0.45313360130633673,0
0.13540504487104602,-1.564442430582878,0.3822296482262534,0.9105216900128165,-0.45313360130633673,0
-0.37517204740288296,-0.5032638117881711,1.26702050060184,0.23128133938781356,-0.9440692473587059,1
0.7480975555997608,1.0054039673124153,-1.38735205652492,-0.17626287098718818,-0.45313360130633673,1
0.645982137144975,0.17914408339429744,-1.38735205652492,-0.3121109411121888,0.0378020447460324,1
0.3396358817806176,-1.8367361853151662,-0.5025612041493333,1.6576860757003198,0.0378020447460324,1
0.03328962641626022,0.6584647671407123,-1.38735205652492,-0.3121109411121888,-0.45313360130633673,0
-1.0899799765863836,-0.4801136129223274,0.3822296482262534,-1.1951233969246926,-0.9440692473587059,0
0.5438667186901892,-0.7868886126520848,-0.5025612041493333,0.36712940951281414,-0.45313360130633673,0
0.13540504487104602,-1.1463093959472397,1.26702050060184,0.16335730432531329,-0.45313360130633673,0
0.3396358817806176,0.003600030247425262,-1.38735205652492,-1.1951233969246926,0.0378020447460324,1
2.586175087785905,-0.014599373077831398,1.26702050060184,0.9105216900128165,-0.9440692473587059,0
-0.4772874658576688,1.0042534303205888,1.26702050060184,0.6388255497628154,0.0378020447460324,0
-0.4772874658576688,0.43857274267252505,-0.5025612041493333,-0.8555032216121911,1.0196733368507707,1
0.23752046332583182,-1.37558004013668,-0.5025612041493333,0.36712940951281414,-0.9440692473587059,0
-0.9878645581315978,0.15829495851210687,-1.38735205652492,-0.10833883592468789,2.001544628955509,0
1.156559229418904,0.24723495445603358,-0.5025612041493333,1.5218380055753191,0.0378020447460324,0
1.0544438109641183,0.29771912306709036,-1.38735205652492,-0.04041480086218759,-0.9440692473587059,0
0.645982137144975,-0.8839869618107817,1.26702050060184,0.23128133938781356,-0.45313360130633673,0
0.13540504487104602,0.9264701567216471,-0.5025612041493333,0.23128133938781356,0.0378020447460324,1
1.667136321692833,-1.4054242724095147,-1.38735205652492,-1.4668195371746937,1.51060898290314,1
1.3607900663284755,-0.792362379552593,-0.5025612041493333,1.4539139705128188,0.0378020447460324,1
0.44175130023540343,-0.11382447243354107,1.26702050060184,0.570901514700315,1.51060898290314,1
0.5438667186901892,-0.08680428550428071,1.26702050060184,-2.1460598877996966,0.5287376907984016,0
-3.336519182591671,0.4699858890251232,-1.38735205652492,1.250141865325318,-0.9440692473587059,1
0.645982137144975,-0.3987392693185936,-0.5025612041493333,0.6388255497628154,-0.9440692473587059,1
0.3396358817806176,-0.39713549048150204,-1.38735205652492,1.4539139705128188,1.0196733368507707,1
0.3396358817806176,-0.7665973238871434,1.26702050060184,1.046369760137817,0.5287376907984016,0
0.23752046332583182,-1.1304459313629642,-1.38735205652492,-0.17626287098718818,0.0378020447460324,1
-0.06882579203852558,0.24033173250507414,1.26702050060184,-0.44795901123718934,-0.9440692473587059,1
-0.37517204740288296,-0.06818650509108712,0.3822296482262534,1.8614581808878206,1.0196733368507707,1
1.156559229418904,-0.10862962359165747,-0.5025612041493333,0.36712940951281414,0.5287376907984016,1
0.03328962641626022,-0.19826691468214575,0.3822296482262534,-1.6026676072996944,-0.45313360130633673,1
0.5438667186901892,-0.9403284096529556,1.26702050060184,-0.5158830462996896,-0.45313360130633673,1
1.667136321692833,-1.6892582618173968,-0.5025612041493333,0.027509234200312694,0.0378020447460324,0
-1.396326231950741,-1.5997255649988928,0.3822296482262534,-0.8555032216121911,1.0196733368507707,1
-1.2942108134959551,-1.2401653226744254,0.3822296482262534,-1.6705916423621945,-1.9259405394634441,0
0.3396358817806176,0.44317489063983134,-1.38735205652492,1.9973062510128212,-1.435004893411075,1
1.8713671586024045,0.42598656527708895,-0.5025612041493333,-0.44795901123718934,2.001544628955509,1
1.0544438109641183,1.6956912976510297,1.26702050060184,0.8425976549503162,0.0378020447460324,1
-0.17094121049331137,1.09873692267968,1.26702050060184,0.570901514700315,0.0378020447460324,0
-0.7836337212220261,-1.5231974226637617,-0.5025612041493333,0.7067495848253156,0.0378020447460324,1
0.23752046332583182,-0.9831074668945071,-1.38735205652492,-1.263047431987193,0.5287376907984016,0
-1.2942108134959551,-1.8367361853151662,0.3822296482262534,0.7067495848253156,0.0378020447460324,1
0.44175130023540343,-1.1211370411563675,1.26702050060184,-1.4668195371746937,1.0196733368507707,0
-1.4984416504055267,-1.2890457124483907,-0.5025612041493333,-0.24418690604968846,0.0378020447460324,1
1.156559229418904,0.8678624996531481,-0.5025612041493333,0.23128133938781356,0.0378020447460324,0
-1.8047879057698841,0.24441090911245927,-1.38735205652492,0.9105216900128165,0.5287376907984016,1
0.13540504487104602,0.03783722194359775,1.26702050060184,0.23128133938781356,1.0196733368507707,0
0.5438667186901892,1.011052057999564,-0.5025612041493333,1.1822178302628177,-1.435004893411075,0
0.13540504487104602,0.4843501690442913,0.3822296482262534,0.027509234200312694,2.001544628955509,0
1.4629054847832614,-0.3574593966421494,1.26702050060184,1.3180659003878181,-0.45313360130633673,0
-0.37517204740288296,-0.41683407837186603,0.3822296482262534,0.4350534445753144,1.51060898290314,0
0.8502129740545467,0.7834897869191997,-0.5025612041493333,-0.8555032216121911,2.001544628955509,0
-1.6005570688603126,-1.1885306170715422,0.3822296482262534,-0.7196551514871905,0.0378020447460324,0
1.4629054847832614,0.5745452962520288,1.26702050060184,-0.04041480086218759,-0.9440692473587059,1
0.44175130023540343,-1.7361862251809896,-0.5025612041493333,1.3859899354503185,-1.435004893411075,0
1.0544438109641183,0.03438561096811804,-1.38735205652492,0.7067495848253156,2.001544628955509,1
-1.8047879057698841,0.4200246917739876,1.26702050060184,-0.44795901123718934,-0.45313360130633673,1
-0.4772874658576688,-0.05786653692197606,0.3822296482262534,-0.9234272566746914,-0.9440692473587059,0
-0.7836337212220261,0.8769622013157765,-1.38735205652492,0.29920537445031387,-0.45313360130633673,1
-1.4984416504055267,-0.580210331211239,1.26702050060184,-0.9234272566746914,1.0196733368507707,1
-0.7836337212220261,-0.9755069497969862,0.3822296482262534,0.8425976549503162,0.0378020447460324,0
-1.396326231950741,-1.7365697375115985,1.26702050060184,-0.44795901123718934,-0.45313360130633673,1
0.23752046332583182,0.28460997431173307,-0.5025612041493333,-0.3121109411121888,-1.435004893411075,1
-0.37517204740288296,0.3500162590592072,1.26702050060184,1.3859899354503185,-0.9440692473587059,0
-0.5794028843124546,0.2503379178582325,-0.5025612041493333,0.7067495848253156,0.0378020447460324,0
0.03328962641626022,0.3495281524566141,0.3822296482262534,0.9784457250753168,-1.435004893411075,0
0.03328962641626022,1.146675964005787,1.26702050060184,-0.58380708136219,-0.45313360130633673,1
0.5438667186901892,-0.007277774038935041,-1.38735205652492,-0.5158830462996896,0.0378020447460324,1
0.7480975555997608,-0.04789521632614579,-0.5025612041493333,-0.24418690604968846,0.0378020447460324,1
0.44175130023540343,-1.7840904017497687,1.26702050060184,-0.5158830462996896,-0.45313360130633673,1
1.5650209032380473,0.4303446599430987,-1.38735205652492,0.7746736198878159,-1.435004893411075,1
0.03328962641626022,2.150188274179853,1.26702050060184,-0.24418690604968846,1.0196733368507707,0
1.667136321692833,1.3835819900500763,-1.38735205652492,-0.24418690604968846,1.51060898290314,0
0.23752046332583182,-0.6611314329697078,-0.5025612041493333,1.8614581808878206,1.51060898290314,1
-0.9878645581315978,-0.7776494519601441,-1.38735205652492,-0.44795901123718934,-0.9440692473587059,0
0.23752046332583182,0.18587298155861648,-1.38735205652492,-0.10833883592468789,-0.45313360130633673,1
0.13540504487104602,-0.5872878769488389,0.3822296482262534,1.3180659003878181,-1.435004893411075,0
1.5650209032380473,1.8658313134120497,-0.5025612041493333,0.4350534445753144,-0.45313360130633673,0
-0.06882579203852558,1.277000426898142,1.26702050060184,-0.04041480086218759,-0.9440692473587059,1
-0.5794028843124546,1.6217780121155045,-1.38735205652492,0.6388255497628154,-0.9440692473587059,0
0.3396358817806176,1.2680401842648261,0.3822296482262534,-0.24418690604968846,0.5287376907984016,1
0.8502129740545467,0.592535511033317,-1.38735205652492,-1.3988955021121934,-1.435004893411075,1
-0.885749139676812,1.451882049655781,0.3822296482262534,-1.330971467049693,-0.9440692473587059,1
-1.4984416504055267,-1.038960808134088,0.3822296482262534,0.29920537445031387,-1.435004893411075,1
1.0544438109641183,-1.1260529719396266,1.26702050060184,-1.9422877826121958,-1.435004893411075,1
-0.06882579203852558,1.1338805980663824,1.26702050060184,1.3859899354503185,0.0378020447460324,0
-1.0899799765863836,2.0627125980437055,0.3822296482262534,-0.3121109411121888,0.5287376907984016,0
0.03328962641626022,0.8165415768662174,1.26702050060184,0.027509234200312694,1.0196733368507707,0
1.156559229418904,-0.5902513813217255,-0.5025612041493333,-0.24418690604968846,1.0196733368507707,1
0.03328962641626022,-0.18585506107335,-1.38735205652492,-2.010211817674696,1.0196733368507707,1
2.075597995511976,-0.5232064529798317,0.3822296482262534,1.250141865325318,1.0196733368507707,0
-1.2942108134959551,1.6058099532592447,0.3822296482262534,-2.2819079579246973,-1.435004893411075,1
-2.1111341611342413,-0.47718497330676884,-1.38735205652492,0.570901514700315,-0.45313360130633673,1
0.9523283925093324,-1.7811966268915382,1.26702050060184,0.5029774796378147,1.51060898290314,1
0.44175130023540343,-1.5365157599630876,-0.5025612041493333,1.3180659003878181,-0.45313360130633673,0
-1.1920953950411695,-0.66744195404609,1.26702050060184,1.5218380055753191,0.0378020447460324,0
-0.6815183027672403,2.6047201154660047,-1.38735205652492,0.9105216900128165,0.5287376907984016,0
1.0544438109641183,-1.6180295625961336,0.3822296482262534,-0.38003497617468907,0.0378020447460324,1
-1.1920953950411695,1.1795534301661645,1.26702050060184,0.36712940951281414,1.0196733368507707,1
-0.37517204740288296,-0.41275490176448093,1.26702050060184,-0.6517311164246902,0.0378020447460324,0
-0.2730566289480972,1.1484192018721908,1.26702050060184,0.027509234200312694,1.51060898290314,0
0.7480975555997608,1.295687936825992,1.26702050060184,0.8425976549503162,0.5287376907984016,1
1.2586746478736899,0.493170952648295,0.3822296482262534,-0.3121109411121888,2.983415921060247,0
1.667136321692833,-1.112804364154957,-1.38735205652492,1.5897620406378195,1.51060898290314,0
0.3396358817806176,-1.6403778720434317,-0.5025612041493333,-1.8064397124871951,2.001544628955509,1
0.44175130023540343,-0.8309228011574472,0.3822296482262534,-2.689452168299699,1.51060898290314,1
0.5438667186901892,-1.0634707325357267,-0.5025612041493333,-2.5536040981746986,0.0378020447460324,1
-0.17094121049331137,1.2463543052067618,-0.5025612041493333,0.7067495848253156,0.0378020447460324,1
-0.17094121049331137,-0.7666321886444716,1.26702050060184,0.16335730432531329,0.5287376907984016,1
1.5650209032380473,0.647133721009087,-1.38735205652492,1.1822178302628177,-0.45313360130633673,0
0.8502129740545467,-0.7933385927577792,0.3822296482262534,-0.38003497617468907,-0.45313360130633673,1
-0.7836337212220261,0.6826609087263984,-0.5025612041493333,0.027509234200312694,-1.435004893411075,1
-0.4772874658576688,-0.2873115048980567,0.3822296482262534,-0.6517311164246902,0.5287376907984016,0
1.4629054847832614,-0.7773008043868633,1.26702050060184,1.5218380055753191,-0.9440692473587059,1
1.0544438109641183,-0.37436880394626715,-0.5025612041493333,1.8614581808878206,-1.435004893411075,1
-1.6005570688603126,-0.23368950812747288,-0.5025612041493333,-0.7875791865496908,0.0378020447460324,1
-1.4984416504055267,0.8837259642374236,-0.5025612041493333,-0.8555032216121911,1.0196733368507707,1
-0.4772874658576688,-0.5675544243011468,-1.38735205652492,-0.8555032216121911,0.5287376907984016,1
-1.2942108134959551,-1.2100770371002942,0.3822296482262534,0.36712940951281414,-0.45313360130633673,1
0.8502129740545467,0.44638244831401447,-0.5025612041493333,0.09543326926281298,0.0378020447460324,1
1.5650209032380473,1.058014886120485,-0.5025612041493333,1.5897620406378195,-0.45313360130633673,0
0.03328962641626022,0.3747702367621425,0.3822296482262534,0.7746736198878159,-1.435004893411075,1
0.23752046332583182,1.107697165312996,-1.38735205652492,1.4539139705128188,0.5287376907984016,0
-0.5794028843124546,-0.7949423715948708,1.26702050060184,-0.5158830462996896,-0.45313360130633673,0
-0.4772874658576688,-1.6767766786939449,-1.38735205652492,-1.059275326799692,2.4924802750078783,0
-0.2730566289480972,0.35447894799720114,0.3822296482262534,-0.7875791865496908,0.0378020447460324,1
0.23752046332583182,1.230351381593174,-0.5025612041493333,-0.58380708136219,0.5287376907984016,1
-0.4772874658576688,0.8620400851793592,-1.38735205652492,-2.689452168299699,1.51060898290314,1
0.44175130023540343,3.1883910178953565,1.26702050060184,-0.24418690604968846,-0.9440692473587059,1
0.7480975555997608,1.124746031646426,-1.38735205652492,0.9784457250753168,1.51060898290314,0
1.0544438109641183,-0.8800472442327089,-1.38735205652492,-0.8555032216121911,1.0196733368507707,0
-0.5794028843124546,0.3562919153782612,-0.5025612041493333,-1.263047431987193,-0.45313360130633673,0
0.5438667186901892,-0.7019231990435589,-0.5025612041493333,1.9973062510128212,0.5287376907984016,0
0.9523283925093324,0.4440116448157052,-1.38735205652492,0.6388255497628154,0.5287376907984016,0
0.645982137144975,-0.43325537907339073,-0.5025612041493333,0.570901514700315,2.4924802750078783,0
-0.7836337212220261,-0.4828330639939175,-1.38735205652492,0.9105216900128165,-0.9440692473587059,1
-1.2942108134959551,1.5527806573632383,0.3822296482262534,2.8123946717628248,-0.9440692473587059,1
0.8502129740545467,-0.122296608464264,-0.5025612041493333,-0.7196551514871905,-0.45313360130633673,0
-0.885749139676812,0.7002676111770777,1.26702050060184,0.9784457250753168,0.0378020447460324,1
2.586175087785905,0.26051842699803124,-0.5025612041493333,-0.6517311164246902,-0.45313360130633673,1
0.8502129740545467,0.4778653241812688,-1.38735205652492,0.16335730432531329,1.51060898290314,1
0.44175130023540343,-0.355053728386512,1.26702050060184,-0.24418690604968846,0.5287376907984016,1
2.484059669331119,-0.9994939028387038,1.26702050060184,-0.8555032216121911,-0.45313360130633673,1
1.8713671586024045,0.5566248109853967,-0.5025612041493333,0.29920537445031387,-0.45313360130633673,0
-1.8047879057698841,-0.4106281515674682,1.26702050060184,-0.9234272566746914,-0.45313360130633673,1
-1.4984416504055267,-0.1779407611598763,-0.5025612041493333,-0.10833883592468789,0.0378020447460324,1
-0.37517204740288296,0.8311499101866822,-1.38735205652492,0.23128133938781356,1.0196733368507707,1
-0.7836337212220261,-0.4900500687608296,-0.5025612041493333,0.09543326926281298,0.0378020447460324,1
-0.6815183027672403,-0.020247463764980017,-1.38735205652492,0.027509234200312694,-1.435004893411075,0
0.8502129740545467,0.3943293656231942,1.26702050060184,2.676546601637824,-0.9440692473587059,0
-0.37517204740288296,0.5201214100628992,0.3822296482262534,-1.059275326799692,0.0378020447460324,1
1.9734825770571904,-0.23832652085210723,1.26702050060184,0.09543326926281298,-1.435004893411075,0
0.23752046332583182,-0.9583883539489,-1.38735205652492,0.36712940951281414,-1.435004893411075,0
0.5438667186901892,-0.589135709087227,-1.38735205652492,-0.38003497617468907,0.5287376907984016,1
0.5438667186901892,-0.827750108240592,1.26702050060184,1.5218380055753191,0.0378020447460324,0
-1.396326231950741,2.012367888461961,-0.5025612041493333,-1.534743572237194,0.0378020447460324,0
-1.0899799765863836,0.12946180420178646,0.3822296482262534,-0.04041480086218759,-1.9259405394634441,0
1.3607900663284755,-1.1097711302674143,-0.5025612041493333,-1.059275326799692,-0.9440692473587059,0
-0.06882579203852558,2.177173596351785,0.3822296482262534,-0.04041480086218759,0.0378020447460324,1
-0.6815183027672403,0.9204734184612177,1.26702050060184,-0.6517311164246902,0.5287376907984016,1
-0.2730566289480972,0.19828483516741222,-1.38735205652492,-0.04041480086218759,0.0378020447460324,0
-0.2730566289480972,0.6367788880826478,-0.5025612041493333,-1.9422877826121958,1.0196733368507707,1
-0.6815183027672403,0.03536182417330422,-0.5025612041493333,-0.5158830462996896,-0.9440692473587059,1
-0.2730566289480972,-0.17682508892537782,1.26702050060184,-0.8555032216121911,0.5287376907984016,0
-0.06882579203852558,1.9548061741133045,-0.5025612041493333,0.9784457250753168,-0.45313360130633673,1
0.23752046332583182,0.8301736969814959,-0.5025612041493333,-0.24418690604968846,-1.435004893411075,1
1.667136321692833,0.900461047754901,-1.38735205652492,1.5897620406378195,-0.45313360130633673,0
0.5438667186901892,-1.1377675304018606,-0.5025612041493333,-1.3988955021121934,1.51060898290314,0
-0.17094121049331137,1.0423606100801779,1.26702050060184,0.027509234200312694,0.5287376907984016,0
0.44175130023540343,0.24573576989092621,1.26702050060184,0.7067495848253156,-1.435004893411075,1
0.03328962641626022,0.8648989952802615,0.3822296482262534,-1.6026676072996944,-1.435004893411075,1
-0.4772874658576688,-1.8367361853151662,-1.38735205652492,-0.10833883592468789,-0.45313360130633673,1
0.3396358817806176,0.7516582634786645,-1.38735205652492,1.3859899354503185,-2.416876185515813,0
-0.2730566289480972,-1.5124242126493856,-0.5025612041493333,-0.04041480086218759,-1.435004893411075,0
-1.0899799765863836,-1.5806545427404342,-0.5025612041493333,-1.330971467049693,1.51060898290314,0
-1.396326231950741,-0.9492886522862716,0.3822296482262534,-0.3121109411121888,-0.9440692473587059,1
1.0544438109641183,-1.7423224224707314,-0.5025612041493333,-0.04041480086218759,-1.435004893411075,0
-0.06882579203852558,0.3240420148497892,1.26702050060184,0.5029774796378147,-0.45313360130633673,0
0.645982137144975,-0.8177439228874337,-1.38735205652492,0.5029774796378147,-1.9259405394634441,0
-0.2730566289480972,-0.31119386366779,1.26702050060184,-0.17626287098718818,-0.45313360130633673,1
0.3396358817806176,0.0374537096129889,1.26702050060184,1.8614581808878206,0.0378020447460324,1
-0.9878645581315978,-0.3488826663394422,-1.38735205652492,-0.38003497617468907,2.001544628955509,0
0.3396358817806176,0.03201480746980875,0.3822296482262534,1.250141865325318,-1.9259405394634441,0
2.586175087785905,0.9156620819499429,0.3822296482262534,-2.2819079579246973,0.0378020447460324,1
-0.7836337212220261,-0.6766113852233744,0.3822296482262534,-0.7196551514871905,1.51060898290314,1
0.8502129740545467,1.2270740944043346,-1.38735205652492,-1.9422877826121958,0.0378020447460324,0
0.645982137144975,-0.7447719857997667,0.3822296482262534,-0.17626287098718818,0.5287376907984016,0
2.177713413966762,-0.7269560948051189,-0.5025612041493333,-0.44795901123718934,0.5287376907984016,0
0.23752046332583182,-1.2475566512279779,1.26702050060184,-0.58380708136219,1.51060898290314,1
1.156559229418904,1.505190263610412,0.3822296482262534,0.36712940951281414,-0.45313360130633673,1
-1.4984416504055267,1.596082685964711,-0.5025612041493333,-1.059275326799692,-1.435004893411075,1
0.44175130023540343,-0.8023685649057514,-0.5025612041493333,-0.9234272566746914,-1.435004893411075,0
0.44175130023540343,0.3630905430572364,1.26702050060184,-0.04041480086218759,-0.45313360130633673,1
-0.885749139676812,0.9775818909646092,-0.5025612041493333,0.7746736198878159,0.0378020447460324,1
0.8502129740545467,0.5313478619225404,-1.38735205652492,-1.263047431987193,0.5287376907984016,0
-1.1920953950411695,1.1080109481289486,-1.38735205652492,0.36712940951281414,-1.435004893411075,0
-2.417480416498599,-0.7313141894711286,-1.38735205652492,2.4048504613878228,-1.9259405394634441,1
-0.06882579203852558,0.9374874200373197,0.3822296482262534,-1.4668195371746937,0.0378020447460324,0
0.03328962641626022,-0.1606129767678216,-0.5025612041493333,0.7067495848253156,-0.45313360130633673,1
-0.4772874658576688,1.082245892463499,-1.38735205652492,1.250141865325318,0.0378020447460324,0
-1.7026724873150985,1.1836326067735496,1.26702050060184,0.16335730432531329,-1.435004893411075,1
0.9523283925093324,-0.12825848196736533,-0.5025612041493333,2.269002391262822,-0.9440692473587059,1
0.13540504487104602,0.45154243239857,0.3822296482262534,-0.5158830462996896,0.5287376907984016,0
0.8502129740545467,-0.47261769009679067,-0.5025612041493333,0.23128133938781356,0.0378020447460324,1
1.4629054847832614,1.5927705340185436,1.26702050060184,1.7935341458253202,0.0378020447460324,0
-1.8047879057698841,1.7221885132203687,1.26702050060184,0.8425976549503162,1.0196733368507707,0
1.8713671586024045,-0.8132812339494397,-1.38735205652492,-0.38003497617468907,-0.9440692473587059,0
0.7480975555997608,1.6677646270312392,-1.38735205652492,-0.7196551514871905,2.001544628955509,0
0.03328962641626022,-0.6836889309609743,0.3822296482262534,-0.5158830462996896,1.0196733368507707,1
-0.885749139676812,1.8163930875208352,-1.38735205652492,0.23128133938781356,0.0378020447460324,0
-0.06882579203852558,-0.32845191854518857,-1.38735205652492,-0.24418690604968846,0.0378020447460324,1
-0.06882579203852558,-1.769063691341367,0.3822296482262534,-0.6517311164246902,1.51060898290314,0
-0.7836337212220261,-0.7979407407250855,-1.38735205652492,-0.44795901123718934,-0.45313360130633673,0
0.23752046332583182,0.02678509387059706,-1.38735205652492,-0.58380708136219,-0.9440692473587059,0
-0.6815183027672403,0.42319738469084267,1.26702050060184,-0.6517311164246902,0.5287376907984016,0
-0.06882579203852558,-1.8367361853151662,0.3822296482262534,0.29920537445031387,-0.45313360130633673,1
-0.37517204740288296,-0.40989599166357854,-1.38735205652492,0.027509234200312694,-0.45313360130633673,1
-0.6815183027672403,0.1047775560135073,-0.5025612041493333,0.36712940951281414,-0.45313360130633673,0
-0.06882579203852558,-0.5490063734026094,-1.38735205652492,0.09543326926281298,1.0196733368507707,1
0.13540504487104602,-1.0719428685664496,-1.38735205652492,1.9973062510128212,1.0196733368507707,1
-0.6815183027672403,-0.19694205390367878,-1.38735205652492,0.5029774796378147,-0.45313360130633673,0
1.0544438109641183,0.4181419948782714,0.3822296482262534,1.1142937952003173,-0.9440692473587059,1
0.9523283925093324,0.778294938077316,-0.5025612041493333,1.5218380055753191,1.0196733368507707,0
0.03328962641626022,-0.6540887519894361,0.3822296482262534,1.046369760137817,0.0378020447460324,1
0.03328962641626022,-1.3740459908142446,0.3822296482262534,0.7746736198878159,0.5287376907984016,1
-0.7836337212220261,-1.8367361853151662,-1.38735205652492,1.5218380055753191,-0.45313360130633673,1
1.7692517401476189,-0.12125066574442167,-0.5025612041493333,0.23128133938781356,-2.416876185515813,0
-1.4984416504055267,-1.0256424708347622,0.3822296482262534,0.8425976549503162,1.51060898290314,0
1.5650209032380473,0.7364223645262945,1.26702050060184,-1.1271993618621923,-0.45313360130633673,1
0.13540504487104602,1.1993566123285127,-0.5025612041493333,-0.10833883592468789,2.001544628955509,1
0.5438667186901892,-0.5426609875688991,0.3822296482262534,-0.17626287098718818,-0.45313360130633673,1
0.7480975555997608,2.3026867227328656,0.3822296482262534,0.23128133938781356,0.0378020447460324,0
-0.4772874658576688,0.2907113068441467,1.26702050060184,0.570901514700315,-1.435004893411075,1
-0.7836337212220261,1.8291187239455837,1.26702050060184,-0.5158830462996896,0.0378020447460324,1
-0.5794028843124546,0.4677894093134543,1.26702050060184,0.16335730432531329,-0.45313360130633673,1
-0.7836337212220261,0.5703615253726595,1.26702050060184,2.0652302860753213,0.0378020447460324,0
0.5438667186901892,-0.22002252325486635,-1.38735205652492,-0.24418690604968846,1.0196733368507707,1
1.4629054847832614,-0.013135053270052127,-0.5025612041493333,0.8425976549503162,0.0378020447460324,0
-0.5794028843124546,1.6794094559788173,-0.5025612041493333,-0.7875791865496908,-0.45313360130633673,1
0.44175130023540343,-1.1812090180326458,1.26702050060184,1.6576860757003198,0.5287376907984016,1
-0.4772874658576688,-0.38775687076024906,0.3822296482262534,-0.44795901123718934,0.0378020447460324,0
-0.5794028843124546,-0.8815464287978163,1.26702050060184,1.046369760137817,-0.45313360130633673,1
-0.17094121049331137,0.8736151846122809,1.26702050060184,-0.17626287098718818,-0.9440692473587059,1
0.7480975555997608,0.39565422640166115,1.26702050060184,-0.24418690604968846,-1.435004893411075,1
-0.9878645581315978,-0.7490254861937922,-1.38735205652492,0.7067495848253156,-0.45313360130633673,1
2.075597995511976,-0.8750615839347938,-1.38735205652492,0.09543326926281298,1.0196733368507707,1
-0.2730566289480972,-0.45818368056296643,0.3822296482262534,0.027509234200312694,-0.45313360130633673,0
-0.9878645581315978,-0.05106790924300087,-0.5025612041493333,0.5029774796378147,2.4924802750078783,1
0.8502129740545467,-0.5988978411390888,1.26702050060184,1.046369760137817,0.0378020447460324,0
-1.6005570688603126,-1.4741775738604843,0.3822296482262534,-0.3121109411121888,-1.9259405394634441,1
0.03328962641626022,-0.0010369824772090979,0.3822296482262534,-1.3988955021121934,0.0378020447460324,0
0.645982137144975,-1.2474171921986656,1.26702050060184,-0.04041480086218759,0.0378020447460324,0
-0.5794028843124546,0.49798228915956977,0.3822296482262534,0.7067495848253156,-0.9440692473587059,0
0.23752046332583182,-0.12208741992029554,1.26702050060184,-0.58380708136219,0.0378020447460324,0
0.9523283925093324,-0.13244225284673466,-0.5025612041493333,0.29920537445031387,0.5287376907984016,0
-0.5794028843124546,0.08473032054986251,1.26702050060184,-0.6517311164246902,-0.45313360130633673,1
0.13540504487104602,1.578580577786016,-1.38735205652492,1.72561011076282,0.5287376907984016,0
1.2586746478736899,0.6771871418258901,-0.5025612041493333,-0.9234272566746914,0.5287376907984016,1
0.23752046332583182,-1.6466186636051576,-1.38735205652492,1.1142937952003173,0.5287376907984016,0
-0.7836337212220261,-0.7334060749108133,0.3822296482262534,-0.24418690604968846,0.5287376907984016,1
-0.17094121049331137,-0.30645225667117143,-0.5025612041493333,0.570901514700315,0.5287376907984016,1
-2.009018742679456,-0.8143620414266102,0.3822296482262534,-0.9913512917371917,2.983415921060247,0
0.03328962641626022,-1.4656357083151053,-1.38735205652492,0.4350534445753144,0.0378020447460324,1
0.7480975555997608,-0.2848012423704351,0.3822296482262534,-1.9422877826121958,-0.45313360130633673,1
1.8713671586024045,1.5397412381225373,0.3822296482262534,-0.9234272566746914,-0.45313360130633673,0
0.03328962641626022,-0.4244694602267151,1.26702050060184,0.027509234200312694,-0.45313360130633673,1
0.8502129740545467,1.354365323409147,1.26702050060184,-0.8555032216121911,-0.45313360130633673,1
-0.06882579203852558,-0.2279716879256681,-1.38735205652492,0.29920537445031387,-0.9440692473587059,1
-0.2730566289480972,1.1500229807092825,0.3822296482262534,0.09543326926281298,-1.435004893411075,1
-2.7238266718629562,-0.28926393130842903,1.26702050060184,-0.38003497617468907,-0.9440692473587059,0
0.03328962641626022,-0.314331691827317,1.26702050060184,0.36712940951281414,-0.45313360130633673,0
-0.7836337212220261,0.14149014547997332,0.3822296482262534,-0.58380708136219,2.001544628955509,1
0.7480975555997608,-1.1098059950247423,0.3822296482262534,0.23128133938781356,1.51060898290314,0
-0.6815183027672403,-0.2715177698284374,-0.5025612041493333,-1.1271993618621923,-1.435004893411075,0
-0.9878645581315978,0.15041552335596126,-0.5025612041493333,-0.9234272566746914,-0.9440692473587059,0
0.8502129740545467,-1.154886126249947,-0.5025612041493333,-1.6026676072996944,-0.45313360130633673,0
-2.1111341611342413,-0.02345502143916318,1.26702050060184,-0.9913512917371917,0.0378020447460324,1
1.7692517401476189,1.3662890704153496,0.3822296482262534,-0.9234272566746914,1.0196733368507707,0
0.8502129740545467,-1.8367361853151662,-0.5025612041493333,-0.9234272566746914,1.0196733368507707,1
-0.2730566289480972,-0.5794781713073494,-1.38735205652492,0.5029774796378147,1.0196733368507707,0
-1.6005570688603126,-1.1063543840492625,0.3822296482262534,0.570901514700315,1.0196733368507707,0
0.3396358817806176,-1.667363194215364,-1.38735205652492,-1.263047431987193,-0.9440692473587059,0
-0.17094121049331137,0.09431812881508393,0.3822296482262534,1.3180659003878181,0.5287376907984016,1
-0.2730566289480972,0.5845514816051872,-1.38735205652492,0.7067495848253156,0.5287376907984016,0
-1.1920953950411695,-0.11881013273145621,1.26702050060184,-0.3121109411121888,0.5287376907984016,1
0.23752046332583182,-1.2876511221552676,1.26702050060184,0.5029774796378147,-0.45313360130633673,1
0.3396358817806176,0.4750761435950226,1.26702050060184,0.23128133938781356,-0.45313360130633673,1
1.667136321692833,-0.9144587597155218,-1.38735205652492,0.29920537445031387,0.5287376907984016,1
0.23752046332583182,-0.11588149311589767,0.3822296482262534,-1.059275326799692,0.5287376907984016,1
-0.885749139676812,1.3629071889545261,1.26702050060184,-0.7196551514871905,0.5287376907984016,1
-0.7836337212220261,0.4305887132443952,1.26702050060184,-1.1951233969246926,0.5287376907984016,1
2.177713413966762,-1.8367361853151662,-1.38735205652492,-1.4668195371746937,-0.45313360130633673,1
-0.2730566289480972,-0.6935905220421483,1.26702050060184,0.29920537445031387,-0.9440692473587059,1
0.8502129740545467,0.4899285302167838,-1.38735205652492,0.5029774796378147,-0.45313360130633673,1
-1.1920953950411695,0.6105954553292614,1.26702050060184,0.5029774796378147,-0.45313360130633673,0
-0.9878645581315978,-1.8367361853151662,-1.38735205652492,-1.1271993618621923,-1.435004893411075,1
0.13540504487104602,2.33235663121906,1.26702050060184,0.7067495848253156,1.0196733368507707,0
1.156559229418904,1.344080219997364,0.3822296482262534,1.7935341458253202,0.0378020447460324,1
0.8502129740545467,-1.4888207719382769,-0.5025612041493333,0.4350534445753144,1.0196733368507707,0
0.13540504487104602,0.21951747238021166,1.26702050060184,-0.7875791865496908,-2.416876185515813,0
-0.37517204740288296,-1.7504459109281736,1.26702050060184,-1.8064397124871951,-0.45313360130633673,1
1.2586746478736899,2.1709676695473874,0.3822296482262534,-0.9234272566746914,2.001544628955509,1
1.4629054847832614,2.582197482232066,-1.38735205652492,-0.7196551514871905,-0.9440692473587059,0
-0.5794028843124546,1.1518359480903426,-0.5025612041493333,-0.5158830462996896,1.0196733368507707,0
1.8713671586024045,0.48330422632444897,-1.38735205652492,-0.17626287098718818,0.5287376907984016,1
0.5438667186901892,1.0422560158081937,-1.38735205652492,0.570901514700315,0.5287376907984016,0
-0.5794028843124546,-0.21702415412465165,-1.38735205652492,-0.9234272566746914,0.0378020447460324,1
-1.6005570688603126,0.2425979417313992,-0.5025612041493333,0.4350534445753144,1.51060898290314,1
-0.5794028843124546,-0.729257168788772,-1.38735205652492,-0.9913512917371917,0.5287376907984016,0
-0.7836337212220261,-0.3183062741627179,-0.5025612041493333,0.4350534445753144,1.0196733368507707,0
-0.2730566289480972,0.26888596875676996,0.3822296482262534,0.8425976549503162,0.0378020447460324,0
1.4629054847832614,-1.5284620010203016,-0.5025612041493333,0.16335730432531329,-0.9440692473587059,0
0.3396358817806176,0.15623793782975026,0.3822296482262534,-0.17626287098718818,-0.45313360130633673,0
-0.5794028843124546,1.255488871626718,1.26702050060184,0.5029774796378147,0.5287376907984016,1
-0.06882579203852558,1.5075610671087214,-0.5025612041493333,-0.3121109411121888,0.5287376907984016,0
-0.37517204740288296,-0.40201655650743295,-0.5025612041493333,-0.5158830462996896,-1.9259405394634441,1
0.645982137144975,1.6531214289534466,-0.5025612041493333,-0.7875791865496908,-0.9440692473587059,0
-0.9878645581315978,1.148035689541582,-0.5025612041493333,0.7746736198878159,2.001544628955509,0
2.484059669331119,-0.2822909798428134,1.26702050060184,0.570901514700315,1.51060898290314,0
1.4629054847832614,0.4533553997796301,-1.38735205652492,0.027509234200312694,0.0378020447460324,1
-0.5794028843124546,0.2732091986654516,0.3822296482262534,0.36712940951281414,-0.9440692473587059,0
1.5650209032380473,0.40545122321085103,0.3822296482262534,1.250141865325318,0.5287376907984016,1
1.8713671586024045,0.5474205150507843,-0.5025612041493333,-0.9234272566746914,0.5287376907984016,1
1.4629054847832614,1.0479389712526705,-0.5025612041493333,0.36712940951281414,-0.45313360130633673,0
0.23752046332583182,-0.23400329094342556,-0.5025612041493333,-0.5158830462996896,-0.45313360130633673,1
0.03328962641626022,0.2020502289588446,1.26702050060184,-0.38003497617468907,1.0196733368507707,1
-0.37517204740288296,2.0908135924501363,1.26702050060184,-0.9234272566746914,-0.9440692473587059,0
